대분류코드,사업자등록번호,순번,특허명칭,IPC코드내용,출원인명,출원번호,특허명,출원날짜,CPC번호,인용수,피인용수,발명자수,청구항수
F,6168100020,1,,,,1020130084797,프리런 구간이 요구되지 않는 양 방향 기준 체적관,20130718.0,G01F25/00,0.0,0.0,2.0,3.0
F,8878800022,1,,,,1020130084797,프리런 구간이 요구되지 않는 양 방향 기준 체적관,20130718.0,G01F25/00,0.0,0.0,2.0,3.0
F,4268700023,1,,,,1020130084797,프리런 구간이 요구되지 않는 양 방향 기준 체적관,20130718.0,G01F25/00,0.0,0.0,2.0,3.0
J,2298100025,1,,,,1020000034589,인터넷 방송 시청자 반응도 조사방법 및 그 시스템,20000622.0,H04N21/4508,0.0,9.0,1.0,6.0
J,1208800029,1,,,,20140058570,전자적 정보와 실제 자금을 분리하여 처리하는 금융 서비스 방법 및 시스템,20140515.0,G06Q20/10,1.0,2.0,5.0,11.0
M,1018100030,1,,,,1019990053486,녹내장코딩  및 단백질,19991129.0,C07K14/47,0.0,0.0,3.0,4.0
F,6158100033,1,,,,1020160184397,항온항습 공조설비,20161230.0,F24F3/147,0.0,0.0,2.0,4.0
C,1308600034,1,,,,1020190168255,보호 가이드 및 보호 가이드를 포함하는 화장품 보관용 팔레트,20191216.0,A45D40/24,1.0,0.0,1.0,10.0
G,5068100036,1,,,,1020050032907,건식1축연신표면개질된 다성분계 미세다공성 복합막 및 그제조방법,20050420.0,H01M10/052,0.0,0.0,2.0,7.0
F,6818100057,1,,,,1020030049999,소듐알루미네이트 용액으로부터 부유성 고형물을 여과하는방법,20030722.0,C01F7/04,0.0,0.0,4.0,11.0
F,4168100058,1,,,,1020140139180,약제 자동 포장기의 인쇄장치,20141015.0,B41J2/325,2.0,0.0,2.0,7.0
M,1368100059,1,,,,1020180109442,항더스트 성능 테스트 장치 및 방법,20180913.0,B01L1/025,1.0,0.0,6.0,11.0
C,6698800060,1,,,,2019980005909,자동소화장치의분사노즐연결부재,19980415.0,,0.0,0.0,1.0,1.0
F,2118700067,1,,,,1020060016627,환경친화 옹벽구조물 및 그 시공방법,20060221.0,E02D29/0233,0.0,3.0,1.0,2.0
F,2248100077,1,,,,1020130079456,악취제거용 크린룸,20130708.0,B65F1/1426,0.0,0.0,1.0,4.0
F,2248100078,1,,,,1020020029013,가축용 자화수 급수장치,20020524.0,E02B13/00,0.0,4.0,1.0,2.0
J,1108600083,1,,,,1020180039606,가상화폐 전자지갑 키관리 기능을 가지는 보안카드 장치 및 가상화폐 전자지갑 키관리 방법,20180405.0,H04L9/3234,1.0,0.0,2.0,11.0
G,1268600088,1,,,,1020010009502,헬멧용 시일드 결합장치,20010224.0,A42B3/223,0.0,1.0,1.0,3.0
J,1248700090,1,,,,1019920023994,자성체 세라믹의 열처리용 내화갑,19921211.0,C04B35/10,0.0,0.0,1.0,3.0
C,2138600091,1,,,,1019980005433,데이터통신시스템과 그 통신방법,19980220.0,,0.0,0.0,2.0,5.0
M,6318100095,1,,,,1020030023571,초정밀부품 장착설비의 칩 마운트 헤드,20030415.0,H01L21/67144,0.0,0.0,2.0,3.0
F,4708800099,1,,,,2020030027184,액정디스플레이 패널 제진장치의 이온바 설치구조,20030825.0,G02F1/1303,0.0,0.0,1.0,1.0
J,1238100101,1,,,,1020010047929,웹문서 음성제공시스템 및 그 방법,20010809.0,G06Q50/10,0.0,0.0,2.0,7.0
J,1248100105,1,,,,1020020009015,대전방지 및 보호기능을 갖는 광디스크,20020220.0,G11B7/24053,0.0,0.0,1.0,1.0
J,1138600112,1,,,,1020160031811,"가상 플레이어와 함께하는 다트 게임 대전 모드를 제공하는 방법, 장치 및 컴퓨터 판독 가능 매체에 저장된 컴퓨터 프로그램",20160317.0,F41J3/02,0.0,0.0,1.0,5.0
C,3148100117,1,,,,1020000046817,마이크로웨이브용 필터 및 듀플렉서의 주파수 특성자동조정장치 및 방법,20000812.0,H01P1/2056,0.0,0.0,1.0,10.0
F,1228100119,1,,,,2020070019745,회전커넥터용 플랫케이블 보호장치,20071207.0,B60R16/0215,1.0,0.0,1.0,4.0
C,1078600127,1,,,,2020050009181,쓰레기 배출무게에 따른 비용결제기능과 외부통신기능을갖춘 쓰레기 수거용기,20050404.0,B65F1/1615,0.0,0.0,4.0,4.0
F,3038100130,1,,,,1020130079456,악취제거용 크린룸,20130708.0,B65F1/1426,0.0,0.0,1.0,4.0
F,1228100134,1,,,,1020000067127,네트워크상에서 음성 및 영상 데이터 전송 장치 및 그 방법,20001113.0,H04L12/00,0.0,0.0,1.0,26.0
F,1148600135,1,,,,1020090084931,항생제 내성 신속 진단 키트를 양산하는 자동분주 장치,20090909.0,G01N35/1009,3.0,0.0,5.0,10.0
F,1268600147,1,,,,1020130079456,악취제거용 크린룸,20130708.0,B65F1/1426,0.0,0.0,1.0,4.0
J,1078700148,1,,,,1020130033720,금융상품거래를 위한 예측 플랫폼 시스템 및 그 제공방법,20130328.0,G06Q40/04,0.0,0.0,1.0,6.0
C,1398100152,1,,,,2019950033939,우편물운반차의 제동장치,19951116.0,B62B5/0433,0.0,0.0,1.0,0.0
F,7068100154,1,,,,1019980027893,새도우마스크용 앤티도밍 코팅제,19980710.0,,0.0,0.0,1.0,5.0
F,4218600156,1,,,,2020050029120,화재 시 온도 감지를 할 수 있는 자동화 댐퍼,20051012.0,A62C2/16,0.0,0.0,2.0,2.0
J,1208700159,1,,,,2020150002012,착탈이 가능한 파일용 잠금장치,20150331.0,B42D3/12,0.0,0.0,1.0,1.0
F,7568600160,1,,,,1020120109198,안경테와 안경다리의 체결구조,20120928.0,G02C5/22,0.0,0.0,1.0,4.0
J,5048600163,1,,,,1020130006966,Led 가로등의 디밍 감시 제어 장치,20130122.0,Y02B20/30,1.0,0.0,1.0,8.0
C,1138100167,1,,,,1020190000111,삼천리 무궁화꽃 추출물의 제조방법 및 무궁화꽃 추출물을 유효성분으로 포함하는 건강소재 조성물,20190102.0,A23L33/105,0.0,0.0,5.0,7.0
J,3148100168,1,,,,1020070058299,퍼스널 컴퓨터에서 제작된 컨텐츠의 공유 시스템 및 그방법,20070614.0,G06Q30/0623,0.0,0.0,6.0,10.0
D,1348700170,1,,,,1020160035812,범용성 및 저렴한 가격으로 설치의 편의성과 정확한 발전량을 확인할 수 있는 태양광 모니터링 시스템,20160325.0,H02S50/00,0.0,0.0,5.0,16.0
F,1058700173,1,,,,1020010063388,티탄산바륨의 제조방법,20011015.0,C01G23/006,0.0,1.0,2.0,4.0
F,6208100181,1,,,,1020020029013,가축용 자화수 급수장치,20020524.0,E02B13/00,0.0,4.0,1.0,2.0
J,3898700184,1,,,,2020030026864,피씨 모니터용 에이브이 인터페이스 모듈 장치,20030821.0,G06F3/14,0.0,0.0,1.0,2.0
J,1198700189,1,,,,1020150079455,야구공의 투척각도 조절이 가능한 피칭머신,20150604.0,A63B69/40,0.0,1.0,1.0,6.0
J,3148100194,1,,,,1020180173777,스마트 컨트랙트 기반 논문 심사 시스템,20181231.0,G06Q50/205,1.0,0.0,3.0,1.0
J,3148100201,1,,,,1019990010812,가상 금고 구현 방법,19990329.0,,0.0,0.0,3.0,8.0
F,5061800202,1,,,,1020080066960,프레임에 태양전지를 장착한 조명장치,20080710.0,F21S9/037,0.0,0.0,3.0,5.0
P,2868800206,1,,,,1020200019111,개인 맞춤형 커리어 추천 방법 및 서버,20200217.0,G06Q10/063112,1.0,0.0,2.0,13.0
F,1228600209,1,,,,2019850001869,재 털 이,19850225.0,A24F19/0014,0.0,0.0,1.0,1.0
C,6228100218,1,,,,1020190021621,무선 이동통신 모듈이 내장된 보청기를 이용한 원격 청력 검사 피팅시스템,20190225.0,A61B5/12,2.0,0.0,1.0,3.0
F,8148800219,1,,,,1020070068354,다관 열교환부형 급탕 열교환기를 구비한 고압 냉매시스템,20070706.0,F28D7/10,0.0,0.0,4.0,6.0
G,1248700220,1,,,,2019990024202,삼파장전구의 상하부 베이스 결합구조,19991106.0,F21V19/006,0.0,0.0,1.0,1.0
J,1208700223,1,,,,7802357,설폰아미드류의 제조방법,19780731.0,C07D239/47,0.0,0.0,1.0,1.0
J,2298100229,1,,,,1020070034471,지로 자동처리기용 지로용지 자동수납장치,20070408.0,B65H29/14,0.0,0.0,1.0,8.0
F,1198600231,1,,,,1020130079456,악취제거용 크린룸,20130708.0,B65F1/1426,0.0,0.0,1.0,4.0
G,2151600238,1,,,,1019870008187,전 전자 교환기의 원격교환장치용 휴대형 시험기,19870727.0,H04M3/22,0.0,0.0,3.0,2.0
F,4168100241,1,,,,1020170182457,회전식 차량용 의자,20171228.0,B60N2/14,0.0,0.0,2.0,10.0
J,3808100242,1,,,,1020160066211,대상체의 성분 분석이 가능한 분광 장치 및 이를 포함하는 전자 장치,20160530.0,G01N21/3103,2.0,1.0,2.0,5.0
C,8138100244,1,,,,1020190124921,삼채와 찰보리를 이용한 쌀국수 제조방법,20191001.0,A23L7/109,2.0,0.0,1.0,3.0
G,1148700245,1,,,,1020100116308,태양광 모듈의 원격 모니터링 장치 및 방법,20101122.0,H02S50/10,3.0,7.0,2.0,5.0
J,5188600248,1,,,,1020160054511,"계산과학 서비스를 제공하는 제어서버, 시스템 및 방법",20160503.0,G06Q50/00,0.0,0.0,2.0,10.0
J,1078600250,1,,,,1020130056603,탄착점 확인 시스템 및 이의 실행 방법,20130520.0,F41G5/00,0.0,1.0,1.0,16.0
J,4028100256,1,,,,1020160063336,Url을 이용한 홍보 판매 장치,20160524.0,G06Q30/0277,1.0,0.0,1.0,1.0
J,1578800258,1,,,,1020200112197,전자 장치의 인터페이스의 강건성 검증을 위한 검증 장치 및 그 자동 검증 방법,20200903.0,G01R31/31813,0.0,0.0,1.0,7.0
F,5118100260,1,,,,1020020029013,가축용 자화수 급수장치,20020524.0,E02B13/00,0.0,4.0,1.0,2.0
F,1408100269,1,,,,1020130079456,악취제거용 크린룸,20130708.0,B65F1/1426,0.0,0.0,1.0,4.0
C,1238100276,1,,,,1020040013880,광커넥터 페룰 크리너,20040302.0,E02B15/0814,0.0,0.0,1.0,15.0
J,1078100278,1,,,,1020020016118,유가증권의 시세를 활용한 네트워크 기반의 게임형 인터넷복권 발매 시스템과 그 운영 방법,20020325.0,,0.0,0.0,1.0,1.0
G,1238600281,1,,,,1020140027602,"스마트미터, 이를 포함하는 검침 시스템 및 이를 제어하는 데이터 수집장치의 동작 방법",20140310.0,G06Q50/10,2.0,1.0,1.0,15.0
F,4038100282,1,,,,1020170182457,회전식 차량용 의자,20171228.0,B60N2/14,0.0,0.0,2.0,10.0
F,7078800286,1,,,,1020020029013,가축용 자화수 급수장치,20020524.0,E02B13/00,0.0,4.0,1.0,2.0
F,1238600291,1,,,,1019820002009,고압가스 충진후의 밀폐장치 및 방법,19820508.0,,0.0,0.0,1.0,2.0
F,1248600294,1,,,,2020040005626,의료용 영상 카메라,20040303.0,A61B1/0692,0.0,0.0,1.0,1.0
S,6768100295,1,,,,1020190075273,아동용 안전 벨트 가이드,20190624.0,B60R22/18,1.0,0.0,1.0,8.0
P,1018600296,1,,,,1020200008873,인공지능 영어 학습 방법,20200122.0,G06Q50/20,2.0,0.0,1.0,16.0
J,2808100298,1,,,,1020190030422,블록체인을 이용한 의료 정보 조회 시스템과 방법 및 이를 위한 컴퓨터 프로그램,20190318.0,G16H10/00,1.0,0.0,5.0,11.0
J,4928700306,1,,,,1020200121379,서비스 프로필 기반으로 컴퓨팅 인프라 환경을 추천하는 컴퓨팅 인프라 환경 지원 장치 및 방법,20200921.0,G06F9/45533,1.0,0.0,3.0,16.0
J,1098600310,1,,,,1020130080416,지피에스gps와 아이엔에스ins를 이용한 초정밀 항공촬영 장치,20130709.0,G01C11/02,3.0,2.0,3.0,1.0
J,1148600320,1,,,,1020170014410,가상 시뮬레이션 장치,20170201.0,G09B9/04,2.0,0.0,2.0,5.0
J,2208600322,1,,,,1020020058518,이동 통신 단말의 실시간 정보 표시 장치 및 그 방법,20020926.0,H04M1/72436,0.0,0.0,3.0,22.0
F,6218100327,1,,,,2020110007509,맨홀,20110819.0,E02D29/1409,0.0,0.0,1.0,2.0
J,1058700330,1,,,,1020200065102,빅데이터 기반 반응형 웹페이지 제공 방법,20200529.0,G06F16/9577,0.0,0.0,1.0,4.0
J,1138600332,1,,,,1020200104746,범용성을 갖는 통합형 가변 전압 가변 주파수 제어vvvf 철도차량 시뮬레이터 및 방법,20200820.0,G09B9/05,1.0,0.0,1.0,5.0
M,2118700337,1,,,,1020150160169,포장상자,20151116.0,B65D5/42,0.0,0.0,1.0,8.0
G,1208700340,1,,,,2020080012972,전기분해장치 및 이를 이용한 정수기,20080926.0,C02F1/46104,0.0,0.0,2.0,6.0
C,1228600343,1,,,,1020160012116,컴퓨터 수행 가능한 위급 상황 알림 방법,20160201.0,G08B21/04,2.0,0.0,1.0,4.0
C,1058700345,1,,,,1020150016039,이중 표시장치를 구비하는 전력 관리 보호 장치,20150202.0,H02B15/00,0.0,0.0,2.0,4.0
J,1238100346,1,,,,1020080095903,항공 레이저 측량을 이용한 수목 캐노피 추출 시스템 및 방법,20080930.0,G06T17/00,0.0,7.0,1.0,7.0
J,6288800347,1,,,,1020170143766,천연 비누 조성물,20171031.0,C11D9/38,0.0,0.0,1.0,4.0
J,1078100351,1,,,,1020000073071,사용자 계정을 도메인으로 사용하는 실시간 인터넷커뮤니케이션 방법 및 장치,20001204.0,H04L29/12066,0.0,0.0,1.0,7.0
J,2138600362,1,,,,1020000027857,인공위성의 영상데이터를 이용한 지도 제작방법,20000523.0,G09B29/004,0.0,0.0,1.0,4.0
C,1218100365,1,,,,1020160134286,밀물 사전예고 경보시스템,20161017.0,G08B31/00,0.0,0.0,1.0,5.0
J,1428100388,1,,,,2020030027184,액정디스플레이 패널 제진장치의 이온바 설치구조,20030825.0,G02F1/1303,0.0,0.0,1.0,1.0
J,4828800390,1,,,,1020200049015,아동의 활동을 실시간 모니터링하는 안전사고 방지 방법 및 이를 이용한 시스템,20200423.0,G08B21/0208,0.0,0.0,1.0,3.0
F,1118100393,1,,,,2019990022335,"자연석을 이용한 건축용 내,외장타일",19991018.0,E04F13/0862,0.0,0.0,1.0,1.0
F,1078100398,1,,,,1020000006065,흡음형 방음판넬,20000209.0,G06F1/1601,0.0,0.0,1.0,10.0
C,1248500404,1,,,,1020070079410,무브러시 직류 모터의 코깅 토크 저감 장치,20070808.0,H02K29/03,1.0,1.0,1.0,2.0
G,1298100409,1,,,,1020110062785,"단말기에서의 상품의 환경 지표 출력방법, 단말기에서의 인별 환경 지표 사용 정보 전송 방법 및 이를 적용한 단말기",20110628.0,G06Q30/0627,0.0,0.0,3.0,14.0
J,7158700411,1,,,,1020200129244,다차원 이미지를 이용한 결제 처리 시스템 및 그 제어방법과 그 시스템에 포함되는 결제 처리 서버 및 그 제어방법,20201007.0,G06Q20/3276,1.0,0.0,1.0,9.0
C,8788100417,1,,,,1020160157932,"항균 접착 단백질을 포함하는 초극세 섬유 제조용 조성물, 이를 이용한 초극세 섬유 및 이의 제조방법",20161125.0,D01F1/103,0.0,0.0,7.0,16.0
F,4748700421,1,,,,1020150157524,추락방지용 안전 난간장치,20151110.0,E01D19/10,0.0,0.0,3.0,6.0
J,5528700425,1,,,,1020200112491,차량이미지를 이용하여 차량을 판독하는 차량판독 장치 및 이를 이용하여 판독하는 방법,20200903.0,G06V10/757,2.0,0.0,3.0,12.0
P,4718800429,1,,,,1020180132323,머신러닝을 위한 학습데이터 세트의 구성 방법 및 장치,20181031.0,G06N20/00,2.0,1.0,2.0,9.0
J,2618100433,1,,,,1020200094051,인공지능을 이용한 광고주와 인플루언서 중개 서비스 제공 장치 이를 이용한 중개 방법,20200728.0,G06Q30/08,0.0,0.0,2.0,7.0
C,1578100438,1,,,,1020120017834,순정 스마트키를 이용한 차량 제어 시스템 및 그 방법,20120222.0,B60R25/01,0.0,0.0,1.0,17.0
J,6318100447,1,,,,1020190167484,클라우드 서버 및 로보틱 프로세스 자동화 기술 기반의 차량용 지능형 안전분석 시스템,20191216.0,G06Q10/0635,2.0,0.0,2.0,1.0
F,7358800454,1,,,,1020170182457,회전식 차량용 의자,20171228.0,B60N2/14,0.0,0.0,2.0,10.0
J,1308100462,1,,,,1020030081032,용접 품질 검사 장치 및 방법,20031117.0,B23K31/125,0.0,0.0,1.0,5.0
J,3148100464,1,,,,1020080066270,태양열을 이용한 축열탱크,20080708.0,F24D3/005,3.0,0.0,1.0,3.0
F,1188800471,1,,,,2020060015618,히트쉴드가 장착된 에어 클리너,20060612.0,F02M35/0202,0.0,0.0,1.0,2.0
J,7418700474,1,,,,2020050011268,드럼 믹서의 비산 분진 제거장치,20050422.0,B01D46/0002,0.0,0.0,1.0,4.0
J,1858800483,1,,,,1020200049746,딥러닝 기반 백혈구 분석 방법 및 장치,20200424.0,G06T7/0012,0.0,0.0,1.0,4.0
C,8798700491,1,,,,1020200055222,대용량 가스 배럴의 교체 시스템,20200508.0,F17C13/084,2.0,0.0,2.0,3.0
J,1058600495,1,,,,1020100041585,온라인 운송용역 거래방법 및 그 시스템,20100503.0,G05D1/0278,0.0,0.0,1.0,13.0
J,1168100512,1,,,,1020060106067,아파트 단지 내 개별 세대의 자연 환기 성능 예측 방법,20061031.0,F24F11/0001,0.0,0.0,3.0,7.0
F,4128100513,1,,,,1020080066270,태양열을 이용한 축열탱크,20080708.0,F24D3/005,3.0,0.0,1.0,3.0
C,8578100517,1,,,,1020030025160,특수파장대의 자외선을 이용한 인체치료용 의료기기,20030421.0,A61N5/06,0.0,0.0,3.0,3.0
F,1108100525,1,,,,2019960008639,청정실 송풍장치,19960419.0,F24F13/24,0.0,0.0,1.0,7.0
J,2208700528,1,,,,20100005849,공통 관심 사용자 검색장치 및 방법,20100122.0,,0.0,4.0,4.0,21.0
J,3718100551,1,,,,1020190006375,전자문서의 점자 변환 시스템,20190117.0,G09B21/005,0.0,1.0,2.0,4.0
J,8508600552,1,,,,1020000054499,대구경 렌즈계,20000916.0,G02B9/64,0.0,0.0,1.0,9.0
J,2118700555,1,,,,1020100013526,데이터타입 분류에 따른 캐릭터정보 동기화 방법,20100212.0,G07F17/3281,0.0,1.0,1.0,7.0
J,1088100559,1,,,,1020030057649, 프로토콜을 이용한 증권 주문관리시스템,20030820.0,,0.0,0.0,6.0,6.0
F,1198100562,1,,,,1020170116837,시트용 스펀지 제조시스템,20170912.0,B29B7/7404,0.0,0.0,2.0,7.0
F,5028600576,1,,,,1020160000990,무동력 회전파쇄구가 장착된 연약지반 개량용 심층혼합처리장치 및 방법,20160105.0,E02D3/12,0.0,0.0,2.0,2.0
M,8728100583,1,,,,1020170136654,테트리스 하우스 설계 시스템,20171020.0,G06F17/5004,1.0,0.0,1.0,5.0
G,6998100589,1,,,,1020190075583,반려동물용 아이스크림 조성물 및 이를 이용한 아이스크림 제조 방법,20190625.0,A23G9/38,1.0,0.0,3.0,11.0
G,1238100592,1,,,,1020060094705,일회용 면도기,20060928.0,B26B21/06,0.0,0.0,1.0,8.0
G,1238600596,1,,,,1020210066692,"기부 포탈 터미널 시스템, 기부 포탈 터미널 및 그것의 기부 포탈 서비스 제공 방법",20210525.0,G06Q50/22,0.0,0.0,3.0,10.0
J,2208100623,1,,,,1020050018395,인터넷 메신저를 이용한 리서치 시스템,20050305.0,G11B31/00,0.0,0.0,1.0,11.0
C,1098100628,1,,,,1020127008173,무선 통신 시스템에서의 프리코딩 및 피드백 채널 정보,20091006.0,H04B7/0417,4.0,7.0,2.0,10.0
P,5698800633,1,,,,1020200107960,머신러닝 최적화 방법 및 장치,20200826.0,G06N3/126,0.0,0.0,1.0,21.0
F,6178100640,1,,,,1020060021056,기기에 카드를 장착하기 위한 카드장착유닛 및 이를 이용한카드장착방법,20060306.0,H04B17/00,0.0,0.0,1.0,6.0
J,1108100641,1,,,,1020090015415,다자간 전자회의 시스템을 위한 프리젠테이션 어플리케이션제어 방법 및 그 장치,20090224.0,G06F9/00,1.0,1.0,2.0,16.0
C,1448100643,1,,,,1020160098137,광섬유 전력전달 기능 모듈 및 단일 광섬유로 전력공급과 광통신이 가능한 광시스템,20160801.0,H04B10/807,0.0,0.0,2.0,5.0
F,7048800645,1,,,,1020000048831,도정수율 및 미질향상을 위한 현미가수장치,20000823.0,B02B5/02,0.0,2.0,1.0,3.0
J,1148600649,1,,,,1020210078420,Wips 센서 및 wips 센서를 이용한 불법 무선 단말의 침입 차단 방법,20210617.0,H04W12/121,1.0,0.0,2.0,13.0
J,8078100650,1,,,,1020190027121,금융 이체 서비스를 이용한 대금 납부 대행 시스템 및 방법,20190308.0,G06Q20/14,0.0,0.0,1.0,4.0
G,1318600653,1,,,,1020020054917,이동통신기기의 화상전화번호부 자동검색 및 관리장치 및그 방법,20020911.0,H04M1/27475,0.0,2.0,1.0,3.0
J,1148600664,1,,,,1020080062455,유에스비 포트용 저장매체의 보안 관리 시스템 및 방법,20080630.0,G06F21/82,0.0,0.0,3.0,4.0
G,3040400673,1,,,,1020020050773, 인터넷서비스의 동축케이블망 장애 추정 방법,20020827.0,H04L41/0695,0.0,0.0,3.0,6.0
C,4098600677,1,,,,1020140168601,통신 기능을 갖는 태양광 전지 모듈의 정션 박스,20141128.0,H02S40/34,1.0,2.0,2.0,6.0
J,3168100687,1,,,,1020180113416,스탠딩 인형 및 이를 포함한 스탠딩 인형 세트,20180921.0,A63H3/006,0.0,0.0,1.0,11.0
F,1058100690,1,,,,1020050130224,흙 고화포장 조성물과 이를 이용한 흙 고화포장공법,20051227.0,C04B28/001,0.0,7.0,1.0,5.0
J,1168100692,1,,,,1020000036884,사용자 중심의 무선 인터넷 서비스 제공방법 및 장치,20000630.0,G06Q50/10,0.0,0.0,1.0,3.0
F,3618700696,1,,,,1020000034809,"인터넷 서비스 서버, 컴퓨터 시스템 및 그 광고방법",20000623.0,G06Q30/02,0.0,0.0,6.0,32.0
G,1138600701,1,,,,1020120130927,와 반사손실을 개선한 케이블용 컨넥터,20121119.0,H01R13/6461,0.0,0.0,1.0,3.0
J,4118100702,1,,,,1020200085945,한옥의 처마 구조를 갖는 해삼 양식용 쉘터,20200713.0,A01K61/30,4.0,0.0,2.0,5.0
F,1378600707,1,,,,1020210107678,전광판 일체형 다기능 cctv 함체,20210813.0,H04N7/18,0.0,0.0,1.0,3.0
J,1198600708,1,,,,1020170076853,"통합 환경 허가 서버, 통합 환경 허가 관리 시스템",20170616.0,G06Q50/26,0.0,1.0,9.0,9.0
G,1138600716,1,,,,1020130057906,스마트 안전실험실 시스템,20130522.0,G06Q10/06,1.0,0.0,1.0,7.0
F,8118600725,1,,,,1020020086913,파일 또는 프로그램 변환방법,20021230.0,G06F9/44505,0.0,0.0,1.0,6.0
J,1068600728,1,,,,20120059086,카메라와 프로젝터가 스테이지 수평 회전축 회전유동부와 결합된 2축 모션부를 갖춘 치과용 데스크탑 3차원 스캐너,20120601.0,A61C19/04,1.0,5.0,1.0,3.0
F,3018600734,1,,,,1019880017985,전자시이클로트론 공명Electron Cyclotron Resonance을 이용한 플라즈마 발생장치,19881230.0,H01J37/32678,0.0,0.0,5.0,5.0
J,4748700735,1,,,,1020170089733,금융 거래 정보의 자동 인식 방법 이를 활용한 서비스 제공 시스템,20170714.0,G06Q40/02,0.0,0.0,4.0,9.0
F,5108100737,1,,,,1020020029013,가축용 자화수 급수장치,20020524.0,E02B13/00,0.0,4.0,1.0,2.0
J,5328700738,1,,,,1020207025650,비대면 본인인증 고객확인 장치 및 그 방법,20200731.0,G06Q40/00,0.0,0.0,3.0,17.0
F,6838100745,1,,,,1020110035363,콘크리트 구조물 보강용 모르타르,20110415.0,C04B16/0675,1.0,1.0,2.0,1.0
J,5038600749,1,,,,1020170108662,사물인터넷IoT의 ID 접근제어 관리 시스템,20170828.0,H04L63/10,0.0,0.0,1.0,11.0
J,2118800752,1,,,,1020140151147,인식방법 및 인식장치,20141103.0,G06F3/00,0.0,0.0,2.0,18.0
J,2208600756,1,,,,1020040050022,인터넷쇼핑몰과 블로그 커뮤니티간의 쇼핑정보전송을 통한 광고 및 수익 분배모델,20040630.0,G06Q30/0222,0.0,0.0,1.0,11.0
C,1138600760,1,,,,1020150053187,정제외관 검사장치,20150415.0,G01N21/9508,0.0,1.0,2.0,8.0
J,1018100764,1,,,,1020020044233,레이어 투 시스템을 이용한 인터넷 연결노드 구현 방법,20020726.0,H04L69/324,0.0,0.0,1.0,4.0
J,1148600766,1,,,,1020210128377,챗봇을 이용한 다국어 지원 시스템 및 방법,20210928.0,G06Q50/10,1.0,0.0,1.0,20.0
G,2568100771,1,,,,1020210145109,수출입 화물 물류 및 통관에 대한 중개 방법,20211028.0,G06Q10/087,0.0,0.0,1.0,1.0
J,5468700775,1,,,,1020190071769,고객 문의에 대한 유형 분류에 기초한 담당자 배정 시스템 및 방법,20190617.0,G06Q30/0281,1.0,0.0,3.0,13.0
J,2728800781,1,,,,1020190087791,웹 브라우저상의 교수학습활동을 감지하여 웹서버에 전송하는 빅데이터 시스템,20190719.0,G06Q50/20,1.0,0.0,1.0,1.0
J,1108100798,1,,,,2020060000738,휴대전화 비상배터리겸용 클리너,20060110.0,H04M1/21,0.0,0.0,1.0,5.0
J,1208100799,1,,,,1019990044098,원격 조정 데이터 복원 시스템 및 이를 이용한 데이터 복원 방법,19991012.0,G06F11/1435,0.0,1.0,1.0,8.0
M,3278700803,1,,,,1020140032378,점자 표시 장치,20140319.0,G09B21/00,0.0,0.0,1.0,5.0
J,1138100806,1,,,,1020060048046,프로젝트를 이용한 스테레오 영상결합장치,20060529.0,G02B27/288,0.0,0.0,4.0,1.0
F,1248700811,1,,,,1019990022922,단섬유들로 성형된 항균성 정수용 필터 및 그 제조방법,19990618.0,B01D39/18,0.0,2.0,1.0,4.0
J,5598100813,1,,,,1020200028991,사용자의 성향 및 몰입정도에 기반한 콘텐츠 추천 방법 및 제공장치,20200309.0,A61B5/163,0.0,0.0,2.0,9.0
C,5518100829,1,,,,1020200046854,협력 단말을 이용한 단말간 무선측위 레인징 방법 및 시스템,20200417.0,G01S5/02,0.0,0.0,3.0,14.0
G,5628700830,1,,,,1020150081250,광학엔진장치 및 합성 및 균일화 프리즘,20150609.0,G02B27/0916,3.0,0.0,4.0,5.0
F,1258100842,1,,,,1019960040816,레일용 절연패드,19960919.0,E01B9/683,0.0,0.0,1.0,6.0
J,1018100845,1,,,,1020040102760,독자의 인터넷 기사 원고료 지원장치 및 그 방법,20041208.0,G06Q50/22,0.0,0.0,1.0,2.0
C,1278100866,1,,,,1020100063533,기능성 식품용 활성 성분을 함유하는 펠렛의 제조 방법,20100701.0,A23L33/00,0.0,0.0,2.0,5.0
M,3798600867,1,,,,1020190117253,헤테로아릴아미도피리딘올 유도체 및 이를 유효성분으로 포함하는 자가면역질환의 예방 또는 치료용 약학적 조성물,20190924.0,C07D401/12,2.0,0.0,3.0,11.0
J,6328100869,1,,,,1020170166871,이미지 분석 및 전 성분 분석을 이용한 화장품 추천방법,20171206.0,G06Q30/0271,0.0,0.0,1.0,3.0
J,6868700872,1,,,,1020190061523,피어 집합을 활용한 p2p 네트워크 성능 향상 방법,20190524.0,H04L67/1078,0.0,0.0,1.0,5.0
J,1168100882,1,,,,2020060004879,오존발생기,20060222.0,C01B13/10,0.0,0.0,1.0,5.0
J,2208600887,1,,,,1020100103178,스토리 텔링 방식의 독서지도 시스템 및 그 독서지도방법,20101021.0,G06Q50/2057,0.0,0.0,2.0,10.0
F,1208100892,1,,,,1020060020527,전기분해 및 생물학적 처리공법을 병합한 고농도 질소함유 폐수처리방법,20060303.0,C02F1/46109,2.0,0.0,4.0,3.0
C,1238600895,1,,,,1020180091220,하이브리드 무선 주파수 필터링 장치,20180806.0,H01P1/2084,1.0,0.0,1.0,5.0
J,1078100899,1,,,,1020070130683,상거래 시 소액 잔돈 적립 및 활용에 관한 방법,20071214.0,G06Q20/06,0.0,0.0,1.0,3.0
F,1238600907,1,,,,2020030013850,힌지장치,20030502.0,H04M1/0216,0.0,0.0,1.0,4.0
J,1238600923,1,,,,1020000060095,인터넷 음악 실시간 재생 및 저장용 오디오 단말장치,20001012.0,G11B20/10,0.0,1.0,1.0,12.0
F,1178100945,1,,,,1020120049356,함체의 케이블 고정장치,20120509.0,H02G3/105,2.0,0.0,2.0,4.0
J,8468800950,1,,,,1020200011918,가상현실을 이용한 이미지입력시스템 및 이를 이용한 이미지데이터 생성방법,20200131.0,G06T19/003,0.0,0.0,1.0,7.0
J,2068600956,1,,,,1020190070304,다중 센서 및 딥러닝을 이용한 유아용 자동차 장애물 인식 및 회피 방법,20190613.0,G05D1/0214,0.0,0.0,1.0,7.0
F,1258600961,1,,,,1020000032501,의류 장식부재 합지용 접착테이프,20000613.0,C09J7/245,0.0,0.0,1.0,3.0
J,4108600976,1,,,,1020070034471,지로 자동처리기용 지로용지 자동수납장치,20070408.0,B65H29/14,0.0,0.0,1.0,8.0
F,5828100978,1,,,,1020160000990,무동력 회전파쇄구가 장착된 연약지반 개량용 심층혼합처리장치 및 방법,20160105.0,E02D3/12,0.0,0.0,2.0,2.0
J,3148600985,1,,,,1020170169559,문항 뱅크 및 학습자 수준별 학습 운용을 위한 순차적 확률비 검증법을 이용한 학습관리 시스템,20171211.0,G06Q50/205,2.0,0.0,4.0,7.0
J,1198600989,1,,,,1020150142576,스폰서 애플리케이션 관리 방법,20151013.0,H04M1/72522,0.0,0.0,3.0,11.0
F,8058600997,1,,,,1020210024596,영상 융합형 비상문 통합 안전 관리 시스템,20210224.0,E05F15/72,0.0,0.0,3.0,8.0
F,1138601008,1,,,,1020150122768,탄산수 정수기용 혼합탱크,20150831.0,B01F3/04,4.0,0.0,1.0,4.0
J,1468601011,1,,,,1020210040120,텍스트 처리를 이용한 신규 보험 상품 생성 시스템 및 방법,20210329.0,G06Q40/08,1.0,0.0,1.0,10.0
F,4088601014,1,,,,1020170182457,회전식 차량용 의자,20171228.0,B60N2/14,0.0,0.0,2.0,10.0
F,1118101024,1,,,,1020110095191,재활용 폴리유산을 포함하는 수지 조성물 및 이를 이용한 토목보강용 생분해성 섬유의 제조방법,20110921.0,C08L67/04,1.0,0.0,4.0,3.0
J,3438601037,1,,,,1020200129088,아두이노의 코딩 교육 시스템,20201007.0,G09B19/0053,0.0,0.0,1.0,9.0
F,4168101042,1,,,,1020170182457,회전식 차량용 의자,20171228.0,B60N2/14,0.0,0.0,2.0,10.0
F,8688801046,1,,,,1020170182457,회전식 차량용 의자,20171228.0,B60N2/14,0.0,0.0,2.0,10.0
J,4788601053,1,,,,1020210060978,Imu의 자가 캘리브레이션 방법 및 이를 적용한 imu,20210511.0,G01C21/188,0.0,0.0,1.0,7.0
F,4028101058,1,,,,1020210110665,진출입로 차단장치,20210823.0,E01F13/04,2.0,0.0,1.0,4.0
C,1198601062,1,,,,1020110041267,홈 네트워크에서의 전원 송수신 회로장치,20110502.0,H04L12/10,0.0,0.0,1.0,17.0
F,1268101064,1,,,,1019870014912,고주파유도가열장치,19871224.0,H05B6/68,0.0,0.0,1.0,1.0
F,1078101067,1,,,,1020020039050,전기저항용접된 철망의 제조방법,20020705.0,B21F27/10,0.0,0.0,1.0,4.0
C,1348701081,1,,,,1020140039986,색조화장용 스프레이장치,20140403.0,A45D34/04,3.0,0.0,1.0,4.0
C,1200401085,1,,,,1020020050773, 인터넷서비스의 동축케이블망 장애 추정 방법,20020827.0,H04L41/0695,0.0,0.0,3.0,6.0
J,8118601092,1,,,,1020190042005,"유해 미세 입자 분석을 통한 오염 물질 제거 서비스 및 유해 미세 입자 분석 결과에 기반한 장소 추천 서비스 제공 방법, 장치 및 컴퓨터판독가능 기록매체",20190410.0,G06Q50/10,0.0,0.0,1.0,11.0
S,1058601101,1,,,,1020190157503,꽃염관,20191129.0,A61G17/04,1.0,0.0,1.0,5.0
J,1228601103,1,,,,1020150065295,무인 비전 검사시스템 및 이를 이용한 무인 비전 검사방법,20150511.0,G01J5/0096,0.0,0.0,1.0,12.0
J,2018601105,1,,,,2020040012754,평판표시소자용 배기관 및 배기관 제조용 공구,20040507.0,H01J7/22,0.0,0.0,2.0,6.0
J,1078601109,1,,,,1020000041163,에프엠 신호를 이용한 휴대폰의 핸드 프리 장치,20000718.0,H04M1/6091,0.0,0.0,1.0,4.0
J,1138101115,1,,,,1020100036275,기업 정보 관리를 위한 가상 컨텐츠 공급 장치 및 방법,20100420.0,G06Q50/10,0.0,0.0,3.0,15.0
J,3128701120,1,,,,1020200093026,소비량 예측을 통한 주문 필요 식자재의 맞춤형 스마트 주문 서비스 제공 방법,20200727.0,G06Q50/12,0.0,0.0,1.0,8.0
J,2208601142,1,,,,1020070033739,블로그를 이용한 자동판매기 온라인 관리 시스템,20070405.0,G06F17/606,0.0,0.0,1.0,8.0
F,8438601147,1,,,,1020110035363,콘크리트 구조물 보강용 모르타르,20110415.0,C04B16/0675,1.0,1.0,2.0,1.0
F,1248101166,1,,,,1020090010138,무접착 조립식 바닥장식용 프린티드 타일,20090209.0,A01G17/10,0.0,0.0,2.0,4.0
J,4518801169,1,,,,1020000053202,개인 캐릭터 생성서비스방법,20000907.0,,0.0,0.0,2.0,3.0
F,6052001177,1,,,,1020110095191,재활용 폴리유산을 포함하는 수지 조성물 및 이를 이용한 토목보강용 생분해성 섬유의 제조방법,20110921.0,C08L67/04,1.0,0.0,4.0,3.0
F,6198101178,1,,,,1020020029013,가축용 자화수 급수장치,20020524.0,E02B13/00,0.0,4.0,1.0,2.0
J,3778801183,1,,,,1020120085603,출입 통제 시스템 및 방법,20120806.0,G08B13/22,0.0,1.0,1.0,11.0
J,4558801185,1,,,,1020210099765,"금속 화합물 개질 방법 및 개질된 금속 화합물을 포함하는 사용 후 핵연료 운반, 저장용기내 중성자 차폐용 고분자 화합물",20210729.0,C01F7/021,0.0,0.0,3.0,8.0
J,1078701190,1,,,,1020150099899,발향 장치가 구비된 실감 미디어 콘텐츠 구현 시스템,20150714.0,H04N5/222,1.0,0.0,3.0,5.0
J,7318601194,1,,,,1020110095191,재활용 폴리유산을 포함하는 수지 조성물 및 이를 이용한 토목보강용 생분해성 섬유의 제조방법,20110921.0,C08L67/04,1.0,0.0,4.0,3.0
J,1018101199,1,,,,1020030027497,광고문자메시지 서비스 시스템 및 그 방법,20030430.0,,0.0,0.0,1.0,8.0
F,4178101207,1,,,,1020000058264,컴퓨터 또는 통신단말기를 이용한 티켓 예매 방법과시스템 및 그 방법을 기록한 컴퓨터로 읽을 수 있는 기록매체,20001004.0,G06Q10/02,0.0,0.0,1.0,10.0
F,4108601211,1,,,,1019900002806,요철무늬표면을 pvc필름으로 흡착코팅한 성형품의 제조방법 및 장치,19900305.0,,0.0,0.0,1.0,2.0
J,2068601218,1,,,,1020100079219,모바일기기용 조이패드,20100817.0,G06F3/0202,0.0,1.0,1.0,8.0
F,3128601223,1,,,,1020210088538,자동차 전용도로용 엘이디led 전광판의 휘도 제어장치 및 방법,20210706.0,H05B45/10,1.0,0.0,2.0,3.0
G,6978601228,1,,,,1020170163225,곡면 연마장치,20171130.0,B24B21/004,1.0,0.0,1.0,3.0
J,1208101246,1,,,,1020050061153,특수제작된 무대차량을 이용한 공연 및 케이블방송처리방법,20050707.0,G06Q50/10,0.0,0.0,1.0,2.0
C,2118701271,1,,,,1020080126539,폴더의 각도 감지 기능을 포함하는 이동단말기 및 그 제어방법,20081212.0,H04M1/0243,0.0,0.0,7.0,8.0
G,6808101278,1,,,,1020170017954,태양광 패널 청소 로봇 시스템,20170209.0,H02S40/10,1.0,0.0,1.0,6.0
J,2118601290,1,,,,1020200087913,대변 영상 분석 시스템 및 방법,20200716.0,A61B10/0038,1.0,0.0,2.0,19.0
S,1578801305,1,,,,1020180101123,펫시터용 이중 리드줄,20180828.0,A01K27/002,0.0,0.0,1.0,9.0
C,1228601313,1,,,,1020140194684,충전 및 데이터 케이블,20141231.0,H01R31/06,0.0,0.0,1.0,6.0
F,1278101314,1,,,,1020100044678,소방용 중계기 거치대,20100512.0,H04B10/29,0.0,0.0,3.0,5.0
J,2218601317,1,,,,1020000019661,인터넷의 학습도우미 프로그램을 이용한 학습방법,20000414.0,,0.0,0.0,1.0,6.0
G,6028101326,1,,,,1020090015269,신호 선택 장치,20090224.0,H04R1/04,0.0,0.0,3.0,5.0
J,1068601336,1,,,,1020130048672,애완동물  관리 시스템 및 그 방법,20130430.0,G06Q50/01,0.0,0.0,1.0,6.0
F,8128101350,1,,,,1020170170028,"밴드형 컨트롤러 장치, 이를 포함하는 vr 구현 시스템 및 그 제스처 인식 방법",20171212.0,G06F3/017,1.0,0.0,1.0,15.0
J,8898601364,1,,,,1020170161933,중요 정보의 외부 유출 방지를 위한 클라우드 내 데이터 저장 및 분석 방법 및 프로그램,20171129.0,G06F21/60,2.0,0.0,1.0,7.0
M,1198101365,1,,,,1020140031431,다지점 적설량 측정 장치,20140318.0,G01W1/14,1.0,1.0,1.0,14.0
F,6608601371,1,,,,1020010033290,통신망을 이용한 무인주차관리 시스템,20010613.0,G06Q20/04,0.0,13.0,1.0,10.0
J,8818801372,1,,,,1020190029582,추천 문구 따라 쓰기 시스템,20190315.0,G06Q50/10,1.0,0.0,1.0,1.0
G,1244201375,1,,,,1020020029013,가축용 자화수 급수장치,20020524.0,E02B13/00,0.0,4.0,1.0,2.0
C,2498801378,1,,,,1020210138450,"큐티클층, 모발 부드러움, 모발 윤기 및 모발 볼륨 개선을 위한 모발용 조성물.",20211018.0,A61K8/9794,0.0,0.0,1.0,3.0
J,1078601381,1,,,,1020070028306,"단말에 대한 감사 장치, 방법 및 프로그램이 기록된기록매체",20070322.0,G06F15/00,2.0,0.0,1.0,20.0
F,6298701383,1,,,,1020080013185,전동 밀개,20080213.0,F03B17/06,0.0,0.0,1.0,5.0
J,1198601393,1,,,,1020160182802,모델링을 활용한 건축물의 풍압 해석 시스템 및 방법,20161229.0,G06F17/5004,0.0,1.0,6.0,12.0
F,1138601409,1,,,,1019960022953,파렛트의받침대로사용되는판넬과그제조방법및장치,19960621.0,B29C2791/006,0.0,0.0,1.0,0.0
F,1248601410,1,,,,1020110073643,"불소 변성 타르우레탄 도막방수재 및 그 제조 방법, 불소 변성 타르우레탄 도막방수재를 이용한 방수 시공 방법",20110725.0,C09D175/04,4.0,1.0,6.0,10.0
J,1058601417,1,,,,1020060023029,인터넷을 이용한 경방시스템,20060313.0,G06Q50/10,0.0,0.0,1.0,1.0
F,6408801425,1,,,,1020200126323,자동 위급상황 알림 기능을 갖는 보안등,20200928.0,G08B13/196,1.0,0.0,1.0,7.0
J,1208601438,1,,,,1020150050743,건강검진 시스템에서 우선검진에 종속검진 적용 방법,20150410.0,G06Q50/22,0.0,0.0,2.0,18.0
C,4578601445,1,,,,1020200085308,Tof 센서를 이용한 동물 사람 구별 시스템,20200710.0,G06V40/10,1.0,0.0,2.0,5.0
J,1168101460,1,,,,1020140146076,컨텐츠 전송 채널 최적화 시스템 및 그 방법,20141027.0,G06Q30/02,1.0,0.0,1.0,6.0
F,1278601461,1,,,,2019850003655,단열재 지지앵글,19850404.0,E04F13/0878,0.0,0.0,1.0,1.0
J,1058701475,1,,,,1020060136243,휴대단말기와의 데이터 통신 기능을 가지는 네비게이션장치 및 이의 동작방법,20061228.0,G01C21/3407,1.0,0.0,1.0,14.0
M,1288101477,1,,,,1020200053813,3차원 모델링 정보를 이용한 계통도 생성 장치 및 방법,20200506.0,G06F30/18,0.0,0.0,1.0,10.0
G,1208701492,1,,,,1020150049181,필링 패드와 고상의 화학적 필링제를 포함하는 필링 키트,20150407.0,A47K7/03,0.0,0.0,3.0,4.0
F,1098601493,1,,,,1020060137755,필름 낱장공급장치,20061229.0,B65H5/06,2.0,1.0,1.0,6.0
J,1078601495,1,,,,1020200086229,게임 테이블 및 이를 이용한 커뮤니티 핸드 베팅 게임 관리 방법,20200713.0,A63F3/00157,3.0,0.0,1.0,3.0
F,5868601510,1,,,,1020210066696,차량 임차인 고지서 발행 시스템,20210525.0,G06Q50/26,2.0,0.0,2.0,1.0
J,1108601524,1,,,,1020150028452,디지털 사이니지 장치를 이용한 서비스 제공 시스템 및 방법,20150227.0,G06Q50/10,0.0,0.0,2.0,18.0
J,2308101527,1,,,,1020170043139,Ars 제공 모바일 단말 및 모바일 단말에서의 ars 제공 방법,20170403.0,H04M1/64,1.0,0.0,1.0,8.0
G,4178101548,1,,,,1020160167837,무선 디지털 마을방송 시스템,20161209.0,H04H20/61,1.0,0.0,1.0,4.0
F,2368701569,1,,,,2020050029120,화재 시 온도 감지를 할 수 있는 자동화 댐퍼,20051012.0,A62C2/16,0.0,0.0,2.0,2.0
J,7738101572,1,,,,1020180011995,심리상담 데이터를 이용한 텍스트 내 감정 분석 시스템,20180131.0,A61B5/165,0.0,0.0,7.0,4.0
C,6728101587,1,,,,1020150043957,가상 현실 디스플레이 장치,20150330.0,G02B27/2228,0.0,0.0,1.0,6.0
F,1148701588,1,,,,1020160038279,태양 전지판 지지 장치,20160330.0,H02S20/10,0.0,0.0,1.0,1.0
J,1138601595,1,,,,1020170098251,Cctv망 연동형 비콘 신호 수집 전송 장치와 그 장치를 이용한 지능형 관제 시스템,20170802.0,H04N7/188,0.0,0.0,1.0,3.0
J,2118801604,1,,,,1020000048831,도정수율 및 미질향상을 위한 현미가수장치,20000823.0,B02B5/02,0.0,2.0,1.0,3.0
J,5688801613,1,,,,1020190147064,블록체인의 다중 서명을 기반으로 한 개인키 활용 및 복구 시스템,20191115.0,H04L9/3247,2.0,0.0,3.0,5.0
F,5038101618,1,,,,1020030040542,조립식 잔교형 부두,20030623.0,E02B3/066,0.0,0.0,1.0,2.0
F,4058701626,1,,,,1019900002806,요철무늬표면을 pvc필름으로 흡착코팅한 성형품의 제조방법 및 장치,19900305.0,,0.0,0.0,1.0,2.0
J,6178601629,1,,,,1020210097296,인공지능을 이용한 인테리어 시뮬레이션 시스템,20210723.0,G06Q50/08,0.0,0.0,1.0,5.0
F,5038101656,1,,,,1020180132103,비계가 필요없는 건물의 외장 보수 시스템 및 그 공법,20181031.0,E04G23/0296,0.0,0.0,1.0,8.0
J,5968601657,1,,,,1020000005705,캐릭터관리 시스템 및 방법,20000208.0,,0.0,0.0,1.0,10.0
F,1268601661,1,,,,1020070070983,다용도 네일링앵커,20070716.0,E02D5/805,2.0,4.0,1.0,3.0
F,6618801665,1,,,,1019900002806,요철무늬표면을 pvc필름으로 흡착코팅한 성형품의 제조방법 및 장치,19900305.0,,0.0,0.0,1.0,2.0
C,1138601683,1,,,,1020170082995,스마트 터치 테이블,20170630.0,G06F3/0416,0.0,0.0,4.0,2.0
P,1058701696,1,,,,1020160048171,목 디스크 재활 치료용 기능성 보조장치 및 그 시스템,20160420.0,A61F5/055,2.0,0.0,1.0,4.0
G,1238601702,1,,,,20130065967,액체 또는 기체의 유량 제어방법,20130610.0,F16K7/00,1.0,0.0,6.0,3.0
J,3058101712,1,,,,1020050073930,전화망을 이용한 위치정보 전송 시스템 및 방법,20050811.0,,0.0,0.0,1.0,11.0
F,5038101715,1,,,,1020180047424,관로 지장물 제거장치,20180424.0,B08B9/0497,1.0,0.0,1.0,3.0
J,1308601735,1,,,,1020200013772,기업 맞춤형 성과지표 기반의 경영 지원 방법,20200205.0,G06Q10/0639,0.0,0.0,1.0,8.0
F,6071701748,1,,,,1019900002806,요철무늬표면을 pvc필름으로 흡착코팅한 성형품의 제조방법 및 장치,19900305.0,,0.0,0.0,1.0,2.0
F,3128101759,1,,,,1020040028396,필터의 부분 재생 방식을 이용한 오염공기 정화장치,20040423.0,B01D46/69,0.0,0.0,2.0,5.0
C,6568601765,1,,,,1020200001284,안경,20200106.0,G02C5/2218,0.0,0.0,1.0,3.0
J,2208601771,1,,,,1020200046556,펌프용 임펠러의 출구부 형상 가공을 통한 성능예측방법,20200417.0,G06F30/20,0.0,0.0,4.0,4.0
F,5058101789,1,,,,20130061024,마이크로디스플레이 장치,20130529.0,G02B19/0052,0.0,0.0,1.0,10.0
F,3198701794,1,,,,1020200134486,전신주용 안전사다리,20201016.0,E06C7/48,0.0,0.0,1.0,3.0
F,4188101799,1,,,,1020090034920,히트 펌프 온수 장치 및 그 제어 방법,20090422.0,F24D17/02,0.0,0.0,3.0,7.0
F,4168101810,1,,,,1020140038480,태양광을 이용한 저전력 버스정보 안내 단말기,20140401.0,G08G1/123,0.0,0.0,4.0,1.0
J,1078701822,1,,,,1020150030768,3차원 홀로그램 디스플레이 장치,20150305.0,G03H1/268,1.0,2.0,3.0,6.0
F,6168101834,1,,,,1020210069811,쓰레기 무단투기 단속시스템 및 방법,20210531.0,G06Q50/10,4.0,0.0,2.0,2.0
F,6168101845,1,,,,2019990006158,유선방송용대역필터,19990415.0,H03H7/12,0.0,0.0,1.0,1.0
F,1198601854,1,,,,1020060131692,옹벽축조용 블록 및 이를 이용한 옹벽시공방법,20061221.0,E02D29/025,2.0,1.0,1.0,10.0
J,1148601863,1,,,,1020170101251,세척수 관리 시스템 및 세척수 관리 방법,20170809.0,C02F1/008,0.0,0.0,2.0,2.0
F,1198601865,1,,,,1020060131692,옹벽축조용 블록 및 이를 이용한 옹벽시공방법,20061221.0,E02D29/025,2.0,1.0,1.0,10.0
F,1108101891,1,,,,2019960053060,예열이 필요한 연료의 미립화장치,19961220.0,F23K5/08,0.0,0.0,1.0,3.0
J,6698601897,1,,,,1020200055222,대용량 가스 배럴의 교체 시스템,20200508.0,F17C13/084,2.0,0.0,2.0,3.0
J,6238701913,1,,,,1020200111827,통제평가관리시스템,20200902.0,G06Q10/0635,0.0,0.0,2.0,14.0
G,4108601925,1,,,,2020060029799,지그비 기반 건강 관리 시스템,20061116.0,G16H50/30,0.0,0.0,1.0,4.0
F,1228701930,1,,,,2019880022636,선반용 척chuch고정 작동기,19881231.0,B23B39/16,0.0,0.0,1.0,1.0
F,1278101931,1,,,,2019880022636,선반용 척chuch고정 작동기,19881231.0,B23B39/16,0.0,0.0,1.0,1.0
C,1238601935,1,,,,1020150065427,방탐용 불요파 제거 장치 및 휴대형 방탐용 신호 계측 장치,20150511.0,G01S3/023,2.0,1.0,1.0,10.0
G,1198601941,1,,,,1020100072208,광섬유 접속분기 모듈,20100727.0,G02B6/4452,0.0,3.0,3.0,8.0
F,1278101955,1,,,,1019940010693,컴퓨터용 원격제어장치,19940516.0,,0.0,0.0,1.0,3.0
F,5048101962,1,,,,1020190135727,전선피복 분리 및 압착 자동화장치 및 이를 이용한 전선피복 분리 및 압착방법,20191029.0,H02G1/1253,2.0,0.0,1.0,1.0
F,5158101963,1,,,,1020170159137,강도 및 방염성이 우수한 친환경 건축자재 제조방법,20171127.0,B27N3/02,3.0,0.0,1.0,4.0
J,5658601964,1,,,,1020180091716,지능형 음성 합성 장치 및 방법,20180807.0,G10L13/033,1.0,0.0,3.0,9.0
J,4428801987,1,,,,1020190102339,장애대응 에지서버 그루핑을 이용한 장애유발 클라이언트 검출 방법 및 시스템,20190821.0,H04L41/065,0.0,0.0,2.0,8.0
G,1348602003,1,,,,1020190163327,동축케이블 회전식 티닝장치,20191210.0,H01B13/227,0.0,0.0,4.0,4.0
G,7428802007,1,,,,1019990026244,단문 메시지 서비스를 휴대폰에 제공하는 인터넷 접속용 장치 및 그 방법,19990630.0,,0.0,0.0,1.0,2.0
F,1118602010,1,,,,1019970054020,강관을 이용한 어큐뮬레이터의 제조방법,19971021.0,B21D51/18,0.0,0.0,1.0,1.0
J,2208102011,1,,,,1020200076917,트리거 객체를 이용한 컨텐츠 제공 방법 및 이를 수행하는 정보 제공 장치,20200624.0,G06Q50/10,0.0,0.0,1.0,24.0
F,3198602032,1,,,,1020200059927,횡단보도 안전사고 방지 시스템,20200519.0,G08G1/07,0.0,0.0,1.0,9.0
F,5048102037,1,,,,2020050020345,투수식 우수맨홀,20050713.0,E03F1/002,0.0,0.0,1.0,2.0
F,1408102058,1,,,,2020050006055,알에프아이디칩을 내장시킨 의류용 직조라벨,20050307.0,G09F3/0335,0.0,0.0,1.0,3.0
J,2208602068,1,,,,1020130144345,선불통화 통합 자동 충전 시스템,20131126.0,G06Q20/28,0.0,0.0,1.0,4.0
F,6848602082,1,,,,2019990024442,레이저 및 마이크로파 복합전송장치,19991109.0,H04B10/112,0.0,0.0,1.0,1.0
J,8298802083,1,,,,1020200128114,가구의 세장 프레임바아 조립용 지그유니트,20201005.0,B25B11/02,1.0,0.0,1.0,3.0
P,1078602084,1,,,,1020060119941,"셀프 코칭 다이어리의 제조 방법, 그 제조 방법에 의해제작된 다이어리 및 기록매체",20061130.0,B42D11/00,0.0,0.0,2.0,13.0
J,1078702085,1,,,,1020120154820,"모바일기기, 모바일기기의 보상판매 방법 및 모바일기기의 보상판매애플리케이션을 저장하는 저장매체",20121227.0,G06Q30/0609,0.0,0.0,2.0,11.0
F,6218102092,1,,,,1020180030647,오토 레벨링이 가능한 측량용 삼각대 및 그 제어 시스템,20180316.0,G01C15/002,1.0,0.0,1.0,2.0
C,1248602095,1,,,,1020180015533,누설동축케이블 및 선로증폭기를 이용한 ip기반 무선중계시스템,20180208.0,H04B7/15507,1.0,0.0,6.0,8.0
J,2118702127,1,,,,1020200050163,인공지능 모델을 관리하는 방법 및 시스템,20200424.0,G06N20/00,0.0,0.0,4.0,13.0
F,6178102132,1,,,,1020120016621,전구형 쏘일 네일의 시공에 사용되는 인장캡 및 인장캡을 이용한 전구형 쏘일 네일 시공방법,20120217.0,E02D5/80,0.0,0.0,1.0,2.0
M,1048102142,1,,,,1020180119660,엔터테인먼트 광고서비스 제공방법,20181008.0,G06Q30/0276,2.0,0.0,1.0,0.0
J,1148602144,1,,,,1020110066320, 카메라를 이용한 스마트폰 영상 제공 시스템,20110705.0,H04W92/02,0.0,2.0,2.0,3.0
F,6178102149,1,,,,1019990047645,이동전화단말기의 화상전송방법,19991029.0,H04N7/141,0.0,0.0,1.0,2.0
M,6968802151,1,,,,1020180147330,실감형 상호작용을 이용한 교육 시스템,20181126.0,B60P3/0252,0.0,0.0,2.0,10.0
F,4018102155,1,,,,2019940038910,칸막이벽 결합구조,19941230.0,E04B2/825,0.0,0.0,1.0,1.0
F,1228602164,1,,,,2020090012035,슬라이드 타입의 립스틱 용기,20090914.0,A45D40/04,0.0,0.0,2.0,3.0
F,1278102180,1,,,,1019970054020,강관을 이용한 어큐뮬레이터의 제조방법,19971021.0,B21D51/18,0.0,0.0,1.0,1.0
F,4138802184,1,,,,1020140015141,스틸밴드를 이용한 철근콘크리트 구조물의 외부 보강시스템,20140210.0,E04B1/20,0.0,0.0,3.0,9.0
F,5131402189,1,,,,1020020086913,파일 또는 프로그램 변환방법,20021230.0,G06F9/44505,0.0,0.0,1.0,6.0
F,1368102209,1,,,,1020190040234,유진종합건설 콘크리트 구조물의 방수층,20190405.0,E04B1/644,0.0,0.0,1.0,6.0
J,2118602212,1,,,,1020020029751,디지털 방송을 이용한 광고 방법,20020529.0,H04N21/812,0.0,1.0,1.0,5.0
C,1238602295,1,,,,1020170068399,태그 시스템,20170601.0,G06K7/10029,0.0,0.0,2.0,5.0
G,1208702301,1,,,,1020120108497,조합형 블록 게이지 측정장치,20120928.0,G01B5/02,0.0,0.0,1.0,5.0
F,1228602302,1,,,,1020100010923,금속물체 표면 버핑장치,20100205.0,B24B29/00,0.0,0.0,1.0,1.0
J,4588702304,1,,,,1020190157370,"골프에 관한 콘텐츠를 추천하기 위한 방법, 디바이스 및 비일시성의 컴퓨터 판독 가능한 기록 매체",20191129.0,A63B69/36,0.0,0.0,1.0,13.0
J,8108702324,1,,,,1020210018822,기계학습 기반의 주택 매물을 추천하는 장치 및 방법,20210210.0,G06Q50/16,0.0,0.0,1.0,10.0
C,8468602325,1,,,,1020200081805,중창의 중량을 줄인 신발 및 그 제조방법,20200702.0,A43B13/42,0.0,0.0,1.0,2.0
J,6028102341,1,,,,1020170089737,마지막 알파벳 제거 알고리즘을 이용한 반도체 부품 검색 방법,20170714.0,G06F16/2425,2.0,1.0,2.0,1.0
J,3148102346,1,,,,1020010000700,온라인 학습형 음성합성 장치 및 그 방법,20010105.0,G10L13/00,0.0,3.0,1.0,5.0
I,1058102347,1,,,,1019910011664,김치피자pizza와 그 제조방법,19910710.0,,0.0,0.0,1.0,2.0
N,1068602356,1,,,,2020040018650,핸드폰 증착 미러 키패드,20040701.0,H01H13/704,0.0,0.0,1.0,2.0
F,2538602361,1,,,,2020000012321,인체관찰용 비젼시스템,20000429.0,,0.0,0.0,1.0,3.0
J,1098102371,1,,,,1020090079099,네트워크를 이용하는 프로세스의 감시를 통한 좀비 차단 시스템 및 그 방법,20090826.0,H04L63/1458,1.0,2.0,2.0,14.0
J,7448802380,1,,,,1020170009607,"도서의 이미지를 이용한 도서 데이터베이스 구축하는 방법, 이를 이용한 도서 추천 방법, 및 그 시스템.",20170120.0,G06Q50/10,0.0,1.0,1.0,3.0
J,3148602411,1,,,,1020120081432,어린이 위치정보 제공 가능한 이동통신 단말기,20120725.0,H04W88/02,0.0,4.0,2.0,17.0
F,1218602427,1,,,,1020000045136,무선호출망을 이용한 인터넷주소 전달 및 역접속방법,20000803.0,H04L65/1073,0.0,0.0,1.0,4.0
C,1138602432,1,,,,1020200088868,외부 간섭으로부터 차단된 레이저 마킹층을 포함한 레이저 라벨,20200717.0,G09F3/0297,0.0,0.0,1.0,10.0
J,3488102466,1,,,,1020200138845,클라우드 기반의 사스형 개인정보 보호 장치 및 방법,20201026.0,G06F21/6254,0.0,0.0,1.0,7.0
J,4618102467,1,,,,1020190145290,경력관리 및 인사관리 지원가능한 메신저 어플리케이션을 통한 정보 처리 방법을 수행하며 기록 매체에 저장된 컴퓨터 프로그램,20191113.0,G06Q10/105,14.0,1.0,1.0,4.0
J,1098602476,1,,,,1020030008982,신용카드 매출전표를 이용한 운세 메시지 제공방법,20030213.0,F24C7/081,0.0,0.0,1.0,8.0
J,8638602490,1,,,,1020150028159,비콘과 통신할 수 있는 이동통신 단말기와 운영 서버를 이용한 대기시간 서비스 방법,20150227.0,G06Q30/0281,2.0,0.0,1.0,9.0
J,4908702495,1,,,,1020190139312,빅데이터 기반 건설사업 정보관리시스템,20191104.0,G06Q10/06315,0.0,0.0,1.0,1.0
H,1108102498,1,,,,1020130054767,객체 관계형 데이터베이스를 이용한 동적 전자해도표시시스템 및 그 동적 전자해도 제공 방법,20130515.0,G01C21/22,0.0,0.0,2.0,22.0
J,6758802507,1,,,,1020190034927,챗봇을 위한 학습 데이터 추천 장치 및 방법,20190327.0,G06N3/004,10.0,0.0,3.0,8.0
J,1138602509,1,,,,1020200109253,건설분야 문서 분석 방법,20200828.0,G06Q10/0637,2.0,0.0,10.0,7.0
M,6328102512,1,,,,1020180169052,사용자 촬영 이미지상 위치정보 및 사용자 정보 입력 기반의 가맹점 정보 db 구축 방법 및 가맹점 정보 관리 및 검색 시스템,20181226.0,G06Q30/0259,2.0,0.0,1.0,14.0
J,1358602526,1,,,,1020070136981,멀티 레이저 스캐닝 라인을 갖는 다중 루프 코어 이중플라즈마 반응기,20071226.0,H01J37/32899,0.0,0.0,1.0,19.0
G,1078102531,1,,,,20140083152,스마트 웨이코스형 씨투비 웹 플랫폼 모듈을 통한 구매자 중심의 웹 커머스 플랫폼 구축 장치 및 방법,20140703.0,G06Q30/0601,0.0,0.0,2.0,6.0
J,8848102553,1,,,,1020170060805,이동통신 단말기의 카드인식을 통한 증강현실을 구현 블루투스 통신 대전게임 방법,20170517.0,A63F13/822,0.0,0.0,2.0,3.0
J,2468702555,1,,,,1020210042167,기준정보 관리 시스템 및 방법,20210331.0,G06Q10/0637,1.0,0.0,1.0,2.0
F,5078102598,1,,,,2019930020910,건축용 석판 부착 금구,19931012.0,E04F13/15,0.0,0.0,1.0,1.0
J,2048602602,1,,,,1020140019840,실시간 영상으로부터 기상 정보를 추출하여 제공하는 방법,20140220.0,G06Q50/00,0.0,0.0,2.0,5.0
F,6168102605,1,,,,1020150143449,광학을 이용한 산소주택,20151014.0,E04H1/02,0.0,0.0,1.0,1.0
J,4218102620,1,,,,1020180107321,블록체인을 이용한  컨텐츠의 워터마크 관리 시스템 및 방법,20180907.0,G06F21/10,0.0,0.0,1.0,7.0
J,8988702634,1,,,,1020210080151,"열선 패턴 장치, 열화상 카메라 캘리브레이션 방법 및 장치",20210621.0,G06T7/80,0.0,0.0,2.0,13.0
J,1358102657,1,,,,1020060017649,무채혈 혈당농도측정장치 및 방법,20060223.0,B65D25/04,0.0,0.0,2.0,11.0
J,5148102707,1,,,,1020150053949,콘크리트 구조물 내의 잉여수 및 침투수 제거용 지수바,20150416.0,E04B1/6806,2.0,0.0,4.0,6.0
P,7798102712,1,,,,1020200149755,안심번호 관리 방법,20201110.0,H04W4/16,0.0,0.0,5.0,12.0
G,8938102715,1,,,,2020010008698,통신장비용 케이블 커넥터의 록킹장치,20010329.0,,0.0,0.0,1.0,1.0
F,1228102732,1,,,,2019950004775,캐비넷 지주골재의 결착후레임,19950317.0,H05K7/186,0.0,0.0,1.0,1.0
G,2628102733,1,,,,1020180142354,다목적 가위,20181119.0,B26B13/22,1.0,0.0,1.0,8.0
J,1138602736,1,,,,1020160145769,보안 솔루션을 제공하는 양방향 온라인 강의 시스템 및 그 제공방법,20161103.0,G06Q50/20,0.0,0.0,1.0,6.0
G,6298702761,1,,,,2020190003265,넥밴드 및 배터리 착탈이 가능한 착용형 넥밴드 선풍기,20190806.0,F04D25/08,1.0,0.0,2.0,7.0
M,8888802776,1,,,,1020180075332,실시간 소리 분석 방법 및 장치,20180629.0,G10L25/27,2.0,0.0,2.0,10.0
L,1058702786,1,,,,2020070001915,해양생물 유입방지용 어망,20070201.0,A01K69/00,0.0,0.0,3.0,2.0
C,1678702790,1,,,,1020200057839,다양한 싱글밴드  패스 필터를 이용하여 구현된 듀얼 밴드  패스 필터 모듈,20200514.0,G02B6/29364,0.0,0.0,2.0,7.0
J,2658702819,1,,,,1020200011791,학교 안전 사고 관리 시스템 및 이를 이용한 학교 안전 사고 예방 방법,20200131.0,G06Q50/205,0.0,0.0,1.0,9.0
F,1278602829,1,,,,1020150067287,슬라이딩 창호용 스트라이크,20150514.0,E05C19/10,0.0,0.0,1.0,1.0
J,1138602850,1,,,,1020150066362,문서 인식 분류 시스템,20150513.0,G06K9/00523,0.0,9.0,1.0,5.0
F,1808602856,1,,,,1020160000990,무동력 회전파쇄구가 장착된 연약지반 개량용 심층혼합처리장치 및 방법,20160105.0,E02D3/12,0.0,0.0,2.0,2.0
J,1148602866,1,,,,1020160136647,모든 업종에 적용 가능한 안드로이드 기반 all in one 스마트pos시스템 개발,20161020.0,G07G1/0009,0.0,0.0,1.0,1.0
F,1268602910,1,,,,1020070068354,다관 열교환부형 급탕 열교환기를 구비한 고압 냉매시스템,20070706.0,F28D7/10,0.0,0.0,4.0,6.0
F,7618602917,1,,,,1020110074813,찬합식 도시락 용기,20110727.0,A45C11/20,0.0,0.0,1.0,5.0
C,1218602953,1,,,,1020140178982,처리수의 미생물 정화장치,20141212.0,C02F3/10,1.0,0.0,1.0,4.0
C,2148802973,1,,,,1020190037462,앱을 이용한 미아방지 시스템,20190329.0,G08B21/0205,0.0,0.0,1.0,1.0
J,5878802982,1,,,,1020200156392,"정기결제를 기반으로 하는 서비스를 관리하기 위한 방법, 시스템 및 컴퓨터 판독 가능한 기록 매체",20201120.0,G06Q20/14,1.0,0.0,1.0,12.0
F,1108102989,1,,,,1020060111119,디지털 디스플레이 시스템,20061110.0,H04Q9/02,0.0,0.0,3.0,7.0
J,1058703014,1,,,,1020120011025,국가도시별 오프라인 지도 다운로드 방식의 모바일 서비스 구현 방법 및 시스템,20120203.0,E06B9/52,0.0,0.0,1.0,1.0
J,1238603016,1,,,,1020140093060,Qr코드를 이용하고 2채널로 2차 인증을 하는 인증 시스템 및 그 방법,20140723.0,G06F21/00,0.0,0.0,1.0,25.0
M,1148603038,1,,,,1020130065650,유동인구의 행동분석을 통한 효과적 홍보전략 구축 전산시스템.,20130610.0,G06Q30/0201,0.0,0.0,1.0,3.0
L,1058703069,1,,,,1020140097054,도어 잠금 및 해제장치,20140730.0,E05B47/00,0.0,1.0,2.0,1.0
J,1198103097,1,,,,1020060045116,알칼리 환원수 물통,20060519.0,B65D41/04,0.0,0.0,1.0,2.0
J,2118803100,1,,,,1020210126264,청탁 거래 시스템,20210924.0,G06Q30/0613,0.0,0.0,3.0,1.0
F,8538703111,1,,,,1020030041733,펌핑장치가 없는 향발현장치 및 이에 사용되는 세라믹심지를 구비한 카트리지,20030625.0,A61L9/127,0.0,0.0,4.0,11.0
G,2588603130,1,,,,1020190016046,가맹점의회원을공유하여관리하는연합마케팅방법및연합마케팅시스템,20190212.0,G06Q30/0238,0.0,0.0,1.0,4.0
G,4098103142,1,,,,2020050005164,대기 순번표 발권 시스템,20050225.0,G07B1/00,0.0,0.0,3.0,3.0
P,1208103161,1,,,,1020040030396,학습과 롤플레잉 게임이 결합된 온라인상의 학습관리 시스템,20040430.0,G06Q50/20,0.0,0.0,2.0,22.0
C,1268603162,1,,,,1020010006446,무궤도회전을 이용한 냉난방 장치,20010209.0,F25B29/003,0.0,0.0,1.0,5.0
C,1108603190,1,,,,1020160022756,제어 시스템을 이용한 led 조명 장치 및 그 제어 방법,20160225.0,H05B37/02,0.0,0.0,2.0,10.0
F,2248603194,1,,,,2019940038910,칸막이벽 결합구조,19941230.0,E04B2/825,0.0,0.0,1.0,1.0
F,1048603205,1,,,,1020210165486,"인공지능 기반 객체 자동 인식을 위한 cctv 제어 방법, 장치 및 시스템",20211126.0,H04N7/188,4.0,0.0,1.0,2.0
F,4908603255,1,,,,2020010019188,건물의 개별냉방용 일체형 에어컨 모듈,20010626.0,,0.0,0.0,1.0,2.0
F,6168103259,1,,,,1020100086560,목조주택용 벽체의 마감재 고정방법 및 그 고정장치,20100903.0,E04F13/08,0.0,0.0,1.0,9.0
C,8018603262,1,,,,1020180028798,무선 통신을 이용한 음성 데이터 관리 시스템,20180312.0,H04M3/42,0.0,0.0,1.0,2.0
J,5158103298,1,,,,1020080005419,휴대용 단말기에서 6축 센서를 이용하여 레이싱게임을 하는방법,20080117.0,H04M1/72427,0.0,0.0,6.0,2.0
F,3388103315,1,,,,1020030041733,펌핑장치가 없는 향발현장치 및 이에 사용되는 세라믹심지를 구비한 카트리지,20030625.0,A61L9/127,0.0,0.0,4.0,11.0
F,6158603317,1,,,,1020110095191,재활용 폴리유산을 포함하는 수지 조성물 및 이를 이용한 토목보강용 생분해성 섬유의 제조방법,20110921.0,C08L67/04,1.0,0.0,4.0,3.0
F,8418703319,1,,,,1020160000990,무동력 회전파쇄구가 장착된 연약지반 개량용 심층혼합처리장치 및 방법,20160105.0,E02D3/12,0.0,0.0,2.0,2.0
J,1188803386,1,,,,2020050029120,화재 시 온도 감지를 할 수 있는 자동화 댐퍼,20051012.0,A62C2/16,0.0,0.0,2.0,2.0
J,1138603397,1,,,,1020170124498,용접부 정보 자동생성방법 및 그것의 구현을 위한 프로그램이 기록된 기록매체,20170926.0,G06F17/5095,1.0,0.0,4.0,4.0
F,1288703400,1,,,,1020050045681,계란 선별기의 계란 이송구,20050530.0,A01K43/08,0.0,0.0,1.0,3.0
J,7058703437,1,,,,1020170152235,인터렉티브 키보드 제공방법 및 그 시스템,20171115.0,G06F3/04886,2.0,0.0,1.0,6.0
F,8793603457,1,,,,1020190039920,생맥주 디스펜서 세척장치,20190405.0,B67D1/07,1.0,0.0,1.0,2.0
F,1198603462,1,,,,1020060106067,아파트 단지 내 개별 세대의 자연 환기 성능 예측 방법,20061031.0,F24F11/0001,0.0,0.0,3.0,7.0
C,1198603463,1,,,,1020130082258,당밀 펠릿 제조 방법 및 조성물,20130712.0,C05F5/00,3.0,0.0,2.0,2.0
F,1168103488,1,,,,2019930016645,스케일 필터scale filter,19930826.0,B01D35/30,0.0,0.0,1.0,2.0
J,7778803489,1,,,,1020200014906,클라우드 기반 가전제품 거래 o2o 설치 중개 시스템 및 그 이용방법,20200207.0,G06Q30/0619,0.0,0.0,1.0,8.0
F,4018103491,1,,,,1020040101611,지문인식 포인트 카드 승인방법,20041206.0,G06K19/0718,0.0,0.0,1.0,8.0
C,1238603539,1,,,,1020160121050,Led 드라이버를 이용한 led 조명기기,20160921.0,H05B33/0809,0.0,0.0,1.0,5.0
F,1248603541,1,,,,2020030010956,총기 보관함,20030410.0,F41C33/06,0.0,0.0,1.0,5.0
C,1308103543,1,,,,1020030008432,토목 및 도로 교통 시설물 설치용 기둥의 매설형 하부 기초,20030211.0,E04H12/2269,0.0,0.0,1.0,3.0
C,1998103546,1,,,,1020210099385,반려동물 배변봉투 케이스,20210728.0,B65F1/062,1.0,0.0,1.0,2.0
J,5498803557,1,,,,1020120047715,초임계 유체 추출을 이용한 폴리메톡시플라본의 제조 방법,20120504.0,C07D311/30,0.0,0.0,3.0,12.0
J,7568603561,1,,,,1020200085399,유가증권 투자 관리 시스템 및 서버,20200710.0,G06Q40/06,0.0,0.0,1.0,10.0
G,8670203563,1,,,,1020130071629,수도꼭지 연결용 다목적호스,20130621.0,B05B1/18,0.0,0.0,1.0,5.0
G,1018103591,1,,,,1020130114480,콘텐츠 사용 집계 시스템 및 그 방법,20130926.0,G06Q50/10,0.0,0.0,1.0,10.0
F,5228103594,1,,,,2020000002842,지하주차장 천장에 매달린 흡기 및 배기 팬 하우징,20000202.0,F24F7/06,0.0,0.0,1.0,1.0
J,1918803596,1,,,,1020170090149,메신저 서비스를 기반으로 가상계좌를 모임계좌로 사용하는 방법 및 시스템,20170717.0,G06Q40/02,0.0,0.0,1.0,17.0
P,1058703614,1,,,,1020200166222,색채 교구 키트,20201202.0,G09B19/0023,1.0,0.0,1.0,1.0
F,4188103621,1,,,,2020180004539,내진성이 큰 철근콘크리트 보용 철근구조물,20181002.0,E04H9/021,0.0,0.0,2.0,3.0
F,2128103643,1,,,,2020060014926,진열대,20060602.0,A47B67/04,0.0,0.0,1.0,4.0
J,1678603672,1,,,,1020210080987,공공기관 관리 시스템,20210622.0,G06Q50/26,0.0,0.0,1.0,1.0
F,1058103701,1,,,,1019950044963,직천공 강관 보강형 다단 그라우팅 시공 방법 및 직천공 장치,19951129.0,E02D3/12,0.0,0.0,8.0,17.0
C,3058103715,1,,,,2020010017769,타일 패널,20010614.0,,0.0,0.0,1.0,3.0
F,2118603748,1,,,,2020110000331,데크 마감재 설치구조,20110112.0,E04F15/02044,0.0,0.0,1.0,3.0
J,1208603762,1,,,,1020110093431,아이브이알과 스마트폰 연동 시스템,20110916.0,H04W4/16,0.0,0.0,2.0,5.0
C,1348703766,1,,,,1020160021593,"치아 임플란트의 기준투과도 및 기준색좌표용 지르코니아 소결체, 이의 제조방법 및 이의 제조용 소결로",20160224.0,C04B35/48,0.0,0.0,3.0,12.0
F,5098103769,1,,,,2020170005775,건축공사용 가설펜스,20171110.0,E04G21/32,1.0,0.0,1.0,2.0
J,2208703783,1,,,,1020120110222,통합 품질관리 기반의 품질검사 시스템,20121004.0,G06Q10/08,1.0,1.0,1.0,2.0
J,2208703794,1,,,,1020180041811,영상 인식을 이용한 의류 생산 모니터링 시스템,20180410.0,G06Q50/04,0.0,0.0,4.0,6.0
J,2098803832,1,,,,1020170103602,기출 단어 분석 장치 및 방법,20170816.0,G06F17/27,2.0,0.0,1.0,11.0
G,2118603833,1,,,,1020190041914,컴퓨팅 장치 및 이를 포함하는 매장 주문 시스템,20190410.0,G06Q30/0635,1.0,0.0,2.0,14.0
J,2158103835,1,,,,1020170065848,전파 시뮬레이션 장치,20170529.0,G05B13/048,0.0,0.0,8.0,6.0
F,5038103846,1,,,,1020150072884,상수관 정보 표시기능을 갖는 제수밸브,20150526.0,F16K37/00,1.0,0.0,1.0,2.0
F,4708803870,1,,,,1020160042829,조립식 프리캐스트 콘크리트교량 바닥판,20160407.0,E01D19/125,1.0,0.0,1.0,3.0
C,1208103881,1,,,,1020200043776,일체화 외단열시스템 및 이의 시공방법,20200410.0,E04B1/762,1.0,0.0,2.0,10.0
C,1198603889,1,,,,1020150068272,최저의 인체하중과 최소의 착좌스위치 동작으로 변기 물내림 기능을 극대화시킨 와이어 당김방식이 구비된 무전원 자동 물내림 장치,20150515.0,E03D5/04,0.0,0.0,1.0,14.0
G,4258803890,1,,,,1020190147742,피로회복을 위한 경구용 수액분말 조성물 및 이의 제조방법,20191118.0,A61K9/14,2.0,0.0,3.0,6.0
J,1058603891,1,,,,1020070122045," 제어를 통한 움직이는 대상체의 영상 데이터 획득방법, 그를 위한 라인 노출 방법 및 영상 데이터 획득 장치",20071128.0,H04N5/2354,0.0,0.0,3.0,15.0
J,8658603910,1,,,,1020200142607,보행도로 데이터 획득 시스템,20201030.0,G08G1/0108,0.0,0.0,1.0,14.0
J,1208703919,1,,,,1020200164499,콘텐츠 시청 확인 방법과 장치 및 컴퓨터프로그램,20201130.0,H04N21/44204,2.0,0.0,5.0,4.0
J,3128603972,1,,,,1020140000672,상점 경영 및 마케팅 관리 시스템,20140103.0,G06Q30/0207,2.0,0.0,1.0,11.0
J,4638703975,1,,,,1020180055934,질의자 의도를 이해하기 위한 구문 규칙 자동생성 장치 및 방법,20180516.0,G06F40/253,1.0,0.0,4.0,3.0
F,2958603990,1,,,,1020190005235,흙막이판을 이용한 탑다운 방식 지하구조물 축조 공법,20190115.0,E02D29/055,0.0,0.0,3.0,8.0
K,8458104002,1,,,,1020190143191,온라인 판매를 위한 금융서비스 제공 방법 및 그 장치,20191111.0,G06Q20/02,0.0,0.0,1.0,4.0
J,5358104040,1,,,,1020190081879,딥 러닝 알고리즘을 이용한 설비 제어 시스템 및 방법,20190708.0,G05B23/0254,1.0,0.0,1.0,12.0
C,4098704061,1,,,,1020200060249,로그 무결성 검사 및 이를 통한 로그 위변조 행위 증빙 시스템 및 그 방법,20200520.0,G06F21/64,0.0,0.0,4.0,8.0
J,1208604069,1,,,,1020080005792,지피에스 및 유무선 통신망을 이용한 방문의 영업 관리시스템 및 그 영업 관리 방법,20080118.0,G06Q10/0631,0.0,0.0,2.0,5.0
J,2118804075,1,,,,1020170181050,타임테이블과 위치에 따른 상품 추천 시스템,20171227.0,G06Q30/0631,0.0,0.0,1.0,8.0
G,1058704078,1,,,,1020000008219,내연기관용 점화플러그의 발화부의 제조방법,20000221.0,H01T21/02,0.0,0.0,1.0,3.0
J,2178104082,1,,,,1020200134879,사용자 맞춤형 화장품 추천 서비스를 제공하기 위한 시스템,20201019.0,G06Q30/0631,0.0,0.0,1.0,5.0
J,3638804102,1,,,,1020180150670,프로필 자동생성서버 및 방법,20181129.0,G06F40/279,2.0,0.0,4.0,8.0
F,5088104103,1,,,,1020110132062,가리비 패각 타공용 드릴링 머신,20111209.0,B23B39/04,0.0,0.0,2.0,5.0
G,1198604117,1,,,,1020040105007,사장교 타입 장지간 가설 교량,20041213.0,E01D11/04,0.0,1.0,1.0,13.0
F,8588104120,1,,,,1019990039936,그라우팅 지향식 수평 굴착 방법,19990916.0,E21D9/10,0.0,0.0,1.0,3.0
F,6108104155,1,,,,1019990013064,로터리식 루퍼,19990413.0,B21C47/16,0.0,2.0,1.0,2.0
F,2038104158,1,,,,1020150088944,IoT환경에서 고객 중심의 전시를 제공하는 방법 및 시스템,20150623.0,G06Q50/10,0.0,0.0,2.0,13.0
J,1178104194,1,,,,1020180079494,수중촬영용 드론 시스템 및 이를 이용한 제어방법,20180709.0,G03B15/006,0.0,0.0,3.0,4.0
J,1388104202,1,,,,1020130080792,지하시설물 3차원 모델링 시스템 및 방법,20130710.0,G06Q50/08,0.0,1.0,3.0,8.0
J,2068604206,1,,,,1020010012494,동판의 산화막 형성방법 및 이에 의해 제조된 동판,20010312.0,H01L23/142,0.0,1.0,1.0,2.0
F,4018104215,1,,,,1020140033953,렌즈전면부 이물질 제거장치를 갖는 무인감시 카메라,20140324.0,H04N7/18,0.0,0.0,1.0,6.0
J,4818104219,1,,,,1020210160177,디지털 콘텐츠의 필터링 시스템 및 필터링 제어방법,20211119.0,H04N21/454,3.0,0.0,3.0,8.0
F,5598804222,1,,,,1020190139221,건물 내외벽에 대리석을 부착하는 방법,20191104.0,E04F13/14,1.0,0.0,1.0,3.0
C,5678104224,1,,,,1020190040470,아미노산 함유 천연 화장료 조성물의 제조방법,20190405.0,A61K8/44,1.0,0.0,1.0,5.0
J,7128604232,1,,,,1020060006326,를 이용한 음식물 쓰레기 수거 관리 시스템 및 그방법,20060120.0,G06Q50/26,0.0,0.0,1.0,14.0
F,1358104277,1,,,,1020060106731,그레이팅,20061031.0,E03F5/06,1.0,3.0,1.0,8.0
F,8038704279,1,,,,1020200110877,저장장치 일체형 방범용 카메라 시스템 및 그를 이용한 감시방법,20200901.0,H04N7/18,0.0,0.0,1.0,3.0
C,6068604284,1,,,,1020120020805,절전 및 과부하 방지장치,20120229.0,H01R31/065,0.0,0.0,1.0,5.0
J,5098104290,1,,,,1020170132912,협업필터링을 이용한 조달공고 추천방법 및 시스템,20171013.0,G06Q30/0619,0.0,0.0,3.0,2.0
F,5608104291,1,,,,1020140153147,수동식 양수기,20141105.0,,2.0,1.0,3.0,2.0
F,1128104294,1,,,,1020060063856,인터넷 쇼핑몰에서 적립금을 이용한 경매방법,20060707.0,G06Q30/0239,0.0,0.0,2.0,5.0
F,1198104295,1,,,,1020110107403,열차신호제어용 발리스 고정장치,20111020.0,E01B9/62,0.0,1.0,2.0,5.0
C,1288504319,1,,,,1020190037462,앱을 이용한 미아방지 시스템,20190329.0,G08B21/0205,0.0,0.0,1.0,1.0
J,1148604360,1,,,,1020130150398,사회문제 해결을 위한 서비스 시스템 및 툴킷,20131205.0,G06Q50/22,0.0,0.0,1.0,10.0
N,1058704363,1,,,,1020060020440,4시아노페닐 이소시아네이트의 제조방법,20060303.0,C07C263/20,0.0,0.0,5.0,8.0
J,1238604380,1,,,,1020090077292,자동차의 압류설정해지 촉탁방법 및 장치,20090820.0,G06Q50/26,1.0,0.0,2.0,16.0
F,4128104394,1,,,,1020100039580,부동결 소화용수 공급장치,20100428.0,A62C35/68,3.0,0.0,1.0,7.0
J,1198604407,1,,,,2019980005287,고전압 프라스틱 필름콘덴서의 자동 예비압축 정열장치,19980407.0,,0.0,0.0,1.0,6.0
F,1138104426,1,,,,1020000064616,폐수정화 시스템,20001101.0,C02F1/32,0.0,1.0,2.0,1.0
F,1248604427,1,,,,20080002183,크린룸 바닥판넬 지지장치,20080219.0,E04F15/02452,0.0,0.0,1.0,1.0
J,3588604440,1,,,,1020150144214,차량 상태 진단 및 운전자 정보 제공 시스템,20151015.0,G06Q50/30,1.0,2.0,2.0,9.0
J,5278604444,1,,,,1020200053955,디스플레이 패널용 비접촉 이송장치,20200506.0,H01L21/6779,1.0,0.0,1.0,10.0
F,1148104458,1,,,,1020140174406,이중창 시스템,20141205.0,E06B9/304,2.0,0.0,1.0,6.0
J,2118804460,1,,,,1020190161160,다양한 조건 하의 어플리케이션 개발 지원 시스템,20191206.0,G06F8/38,0.0,0.0,1.0,1.0
F,2078104491,1,,,,2019940038910,칸막이벽 결합구조,19941230.0,E04B2/825,0.0,0.0,1.0,1.0
J,4758704502,1,,,,1020170121026,익명성 유지 시스템 및 그 방법,20170920.0,G06F21/6254,3.0,1.0,1.0,7.0
F,1168104503,1,,,,2020160001548,패널의 설치와 분리가 쉬운 전시용 부스,20160322.0,E04H1/1272,1.0,3.0,1.0,2.0
F,1108104522,1,,,,1019980056721,장석을 이용한 경량기포콘크리트 및 이의 제조방법,19981221.0,C04B14/041,0.0,0.0,2.0,6.0
F,1208104523,1,,,,2020110007509,맨홀,20110819.0,E02D29/1409,0.0,0.0,1.0,2.0
F,1248704527,1,,,,1020150127776,전기자동차 전자파 차폐 케이블용 차폐 테이프 및 이를 제조하는 장치,20150909.0,H01B9/021,1.0,2.0,5.0,3.0
F,1148104533,1,,,,2020000001574,에스컬레이터의 안전 스트립,20000120.0,B66B29/06,0.0,0.0,1.0,4.0
C,1838804543,1,,,,1020190059725,일회용 수면침출차컵,20190521.0,A47J31/18,0.0,0.0,1.0,6.0
I,7808604553,1,,,,1020200075953,조리장치,20200622.0,A47J43/046,0.0,0.0,2.0,14.0
J,6418804560,1,,,,1020200095090,"전사적 관리 시스템 기반의 감사정보 시스템 및 이를 이용한 운영 방법, 그 이알피프로그램이 기록된 기록매체",20200730.0,G06Q10/0637,0.0,0.0,1.0,4.0
J,1078804588,1,,,,1019990029941,전자인증에따른데이터처리방법,19990723.0,G03B29/00,0.0,0.0,1.0,2.0
J,4808604596,1,,,,1020180170378,개인 맞춤형 마스크 팩 정보제공 분석 시스템 및 방법,20181227.0,G06Q30/0621,2.0,0.0,1.0,5.0
J,2648104597,1,,,,1020150150019,카드 섹션을 처리하는 휴대용 단말기 및 그 동작 방법,20151028.0,H04W4/003,0.0,0.0,1.0,17.0
F,5028604600,1,,,,2020100012522,나선형 다철근 네일,20101203.0,E02D5/80,0.0,1.0,1.0,1.0
J,1148104625,1,,,,1019960017781,무선 교육 시스템,19960523.0,G09B5/14,0.0,0.0,1.0,11.0
F,1228104630,1,,,,1020090009093,공냉식 구이기,20090205.0,A47J37/067,0.0,0.0,1.0,3.0
G,3378104639,1,,,,1020190110164,반려동물용 피부 보습 화장료 조성물의 제조방법 및 이에 의해 제조된 화장료 조성물,20190905.0,A61K8/9789,0.0,0.0,2.0,4.0
G,7578604646,1,,,,1020200140217,소비자 관계 기반의 전자상거래 플랫폼 운영 시스템 및 방법,20201027.0,G06Q30/0613,0.0,0.0,2.0,10.0
G,2238604666,1,,,,1020180062739,집단지성을 활용한 미술작품의 정량 가치 평가 시스템,20180531.0,G06Q30/0283,1.0,0.0,1.0,4.0
M,1058604671,1,,,,1020000041637,인터넷을 통한 번역 교육 방법,20000720.0,,0.0,0.0,1.0,10.0
G,2438604681,1,,,,1020200084141,전기 자동차용 리셉터클 커넥터,20200708.0,H01R13/6582,0.0,0.0,1.0,5.0
G,5918704687,1,,,,1020200081835,케이싱 및 인출구겸용 세대단자함과 이를 이용한 단위세대내 통신선로의 배선시스템,20200703.0,H02G3/081,0.0,0.0,1.0,4.0
J,1058704690,1,,,,20130097743,소셜 네트워크에서의 상대적 친밀도 측정 시스템,20130819.0,G06Q50/01,0.0,0.0,3.0,5.0
G,1208604701,1,,,,1020070039003,고함량 글루코사민 정제용 조성물 및 글루코사민 정제의제조방법,20070420.0,A61K9/2054,0.0,0.0,4.0,6.0
G,1058704709,1,,,,1020190007622,"유연성, 접착력 및 표면 강도가 향상된 타포린 및 그 제조 방법",20190121.0,D06N3/0011,1.0,0.0,2.0,5.0
J,3908704756,1,,,,1020210112455,분석 데이터를 관리하는 시스템,20210825.0,G06F16/254,0.0,0.0,2.0,3.0
F,1198104762,1,,,,2019960041292,울타리 조립장치,19961122.0,,0.0,0.0,1.0,9.0
F,2268104765,1,,,,1020120070608,친환경 단열 커튼월 창호,20120629.0,E04B2/88,4.0,3.0,2.0,3.0
C,3048104770,1,,,,1020010055568,고층 건물형 무선통신망 중계방법 및 장치,20010910.0,H04B7/155,0.0,0.0,1.0,3.0
J,2268104781,1,,,,1020200001455,IoT 및 빅데이터를 활용한 재난안전통합 제어방법 및 시스템,20200106.0,G06Q50/26,0.0,0.0,2.0,8.0
G,1058704792,1,,,,1020050044320,고주파 스위칭 다이오드를 이용한 광대역 전압 제어 발진기,20050526.0,H03B5/1847,0.0,0.0,2.0,5.0
F,1448104797,1,,,,1020190001455,수배전반용 디지털 보호 계전시스템 조작 제어방법,20190106.0,H02B13/0356,0.0,0.0,1.0,1.0
F,6208104808,1,,,,1020120078881,칼라커빙경계석 제조방법,20120719.0,B28B11/04,0.0,0.0,1.0,5.0
H,1058104812,1,,,,1020200063799,선적가능한 유조선 현황 디스플레이방법,20200527.0,G06Q50/28,0.0,0.0,1.0,4.0
J,1688104821,1,,,,1020200121158,교수 매체를 이용한 영어 교수 방법 및 그 장치,20200921.0,G09B19/06,3.0,0.0,4.0,10.0
F,3788804823,1,,,,1020000045136,무선호출망을 이용한 인터넷주소 전달 및 역접속방법,20000803.0,H04L65/1073,0.0,0.0,1.0,4.0
J,2148604829,1,,,,1020090074876,상황 정보에 기반한 추론 동작을 수행하는 유시티 시스템 및 그 동작 방법,20090813.0,H04W84/18,0.0,0.0,1.0,8.0
F,4118104831,1,,,,1019890010345,골프연습기의 골프공 자동 공급장치,19890721.0,,0.0,0.0,1.0,1.0
N,7218804836,1,,,,1020200008913,피검체의 중증도 정보 또는 긴급도 정보를 제공하는 방법 및 이를 이용한 장치,20200122.0,G16H50/50,0.0,0.0,1.0,1.0
J,1048104838,1,,,,1020160067291,교량용 신축 이음 장치의 제거 방법,20160531.0,E01D22/00,0.0,0.0,5.0,2.0
C,2018604845,1,,,,1020150072650,"로봇, 스마트 블록 완구 및 이를 이용한 로봇 제어 시스템",20150526.0,A63H33/042,0.0,1.0,2.0,8.0
F,6168604852,1,,,,2019840006314,카셋트 고정장치,19840703.0,G11B33/12,0.0,0.0,1.0,1.0
F,1268604861,1,,,,1020070124746,휴대폰 케이스의 코팅방법,20071204.0,B05D7/04,0.0,1.0,1.0,6.0
G,4898704867,1,,,,1020190090331,Sns 텍스트와 광고 컨텐츠의 유사성 및 광고 노출 분포의 공정성을 조합한 광고 추천 기술 및 방법,20190725.0,G06Q30/0269,0.0,0.0,2.0,10.0
F,8538804870,1,,,,20080055661,축산분뇨용 저장탱크,20080613.0,C05F17/964,0.0,0.0,1.0,5.0
C,1098104872,1,,,,2020080005248, 액상 분사 장치,20080421.0,Y02T10/30,3.0,0.0,5.0,15.0
G,2090204885,1,,,,1019900009964,권취형 메탈라이즈드 필름 콘덴서용 메탈라이즈드 플라스틱 필름 제조방법,19900702.0,,0.0,0.0,2.0,1.0
F,6088104892,1,,,,1020140185958,스마트 전력모니터링 콘센트,20141222.0,G01R11/32,1.0,1.0,2.0,5.0
J,7758704897,1,,,,1020190164749,스마트폰 및 atm 에서 본인인증이 가능한 플렉시블 손바닥 생체인증방법 및 그 장치,20191211.0,G06Q20/40145,0.0,0.0,3.0,2.0
F,1138104905,1,,,,1020100128131,단일겹 방수시트의 벽면 마감부위 시공방법,20101215.0,E04B1/644,1.0,0.0,2.0,3.0
G,1148604943,1,,,,1020140064664,혈당강하 효능 및 혈중 총콜레스테롤 감소 효능을 갖는 건강 기능식품 및 무균 포장밥,20140528.0,A23L7/10,0.0,0.0,1.0,7.0
G,2214804948,1,,,,1020070015700,"내부식성 및 내마모성을 높인 롤 초크, 그 제조방법 및압연장치",20070215.0,B21B31/02,4.0,0.0,2.0,4.0
C,3628704950,1,,,,1020190104932,카메라부 틸트용 롱 샤프트부를 구비한 방폭 스피드 돔 카메라,20190827.0,H04N5/2259,1.0,0.0,3.0,1.0
J,4318604951,1,,,,1020210136729,비주얼 코딩 및 인공지능 학습을 통한 객체의 시뮬레이션 환경 구축 시스템 및 시뮬레이션 환경 구축 방법,20211014.0,G06N3/10,0.0,0.0,2.0,3.0
F,1078604961,1,,,,1020120031046,조경석을 이용한 옹벽 구조,20120327.0,E02D29/0233,1.0,0.0,1.0,3.0
F,8278804973,1,,,,1020190179368,이동거리의 정밀 조절과 꼬임방지 기능을 겸비한 요비선 이동장치,20191231.0,H02G1/083,1.0,0.0,2.0,2.0
G,5288705001,1,,,,1019990036123,전구형 엘이디 교통신호등,19990828.0,G08G1/095,0.0,0.0,2.0,3.0
F,8588605002,1,,,,1020160170825,대추의 유산균 발효물을 이용한 닭고기 꼬치용 소스 조성물과 그의 제조방법,20161214.0,A23L23/00,4.0,1.0,4.0,4.0
J,8918605014,1,,,,1020210151895,가상현실 환경에서의 선형 객체 데이터의 공유 시스템,20211107.0,G06T3/0031,0.0,0.0,1.0,8.0
F,1178105037,1,,,,1020160059029,군사용 유선통신 분배기,20160513.0,H04M5/02,2.0,0.0,1.0,3.0
F,5038605040,1,,,,1020200035657,Led 조명등의 방열구조,20200324.0,F21V29/70,2.0,0.0,1.0,1.0
J,1058605048,1,,,,1020200153381,업무 관리 시스템,20201117.0,G06Q10/10,4.0,0.0,1.0,1.0
F,3058605060,1,,,,1020060131238,마이크로니들 롤러,20061220.0,A61M37/00,0.0,0.0,2.0,4.0
G,4688605061,1,,,,1020200091504,방열용 무기소재 코팅액 제조방법,20200723.0,C09D1/00,1.0,0.0,4.0,5.0
J,4028105074,1,,,,1020170143885,사물인터넷 기반 곤충사육 시스템,20171031.0,G06Q50/02,2.0,0.0,1.0,3.0
F,1198605109,1,,,,1019990035419,가스 충전과 유류 주유를 위한 충전 및 주유 제어장치와 그 방법,19990825.0,B67D7/36,0.0,0.0,1.0,11.0
F,2048605117,1,,,,1020200071336,비화재보율 감소 p형 수신기,20200612.0,G08B29/043,1.0,0.0,1.0,4.0
J,4068605129,1,,,,1020160106341,날개가 구비된 캐릭터를 이용하는 모바일 슈팅게임 시스템,20160822.0,A63F13/53,0.0,0.0,1.0,5.0
F,8188605195,1,,,,1020030003056,칼라벽돌 표면 융착장치,20030116.0,B28B11/005,0.0,0.0,5.0,2.0
J,1058705198,1,,,,1020190164944,크라우딩소싱 기반의 다자간 콘텐츠 제작을 위한 사용자 인터페이스 제공 장치 및 방법,20191211.0,G06Q10/103,0.0,0.0,1.0,15.0
F,1058705208,1,,,,1020110072557,상쇄 간섭을 이용한 초고압 전력용 변압기의 소음 저감 장치,20110721.0,H01F27/33,0.0,0.0,1.0,1.0
F,1178105215,1,,,,20120133396,바닥 냉난방 장치,20121123.0,Y02B30/12,0.0,0.0,1.0,7.0
J,5018605218,1,,,,1020190172651,인공 신경망의 추론 데이터에 대한 신뢰도를 판단하는 방법,20191223.0,G06N3/0481,0.0,0.0,4.0,13.0
J,7108105220,1,,,,1020190076814,그래프데이터베이스 기반의 학생 맞춤형 진로조언 시스템,20190627.0,G06Q50/20,0.0,0.0,1.0,1.0
F,4658605246,1,,,,2019940038910,칸막이벽 결합구조,19941230.0,E04B2/825,0.0,0.0,1.0,1.0
J,1768105257,1,,,,1020200007475,딥 러닝 기반 전자 신분증을 이용한 승선 관리 시스템 및 방법,20200120.0,G07C9/00309,2.0,0.0,1.0,7.0
J,7598805265,1,,,,1020210017019,Oht 시스템의 동적 라우팅 방법 및 장치,20210205.0,H01L21/67733,0.0,0.0,3.0,20.0
J,1468705270,1,,,,1020180136437,인공지능 실행가속을 위한 인공지능 실행모델 설정방법 및 인공지능 실행가속시스템,20181108.0,G06N20/10,5.0,0.0,3.0,4.0
F,1058705321,1,,,,1020020013400,컨넥터의 접속핀 조립장치,20020313.0,H01R43/01,0.0,0.0,1.0,0.0
J,3408105350,1,,,,1020200150176,온라인 생활범죄 감지 시스템 및 방법,20201111.0,G06Q50/26,0.0,0.0,6.0,8.0
F,6158105354,1,,,,1020160149574,도어용 가스켓 결합구조,20161110.0,E06B7/16,0.0,0.0,1.0,3.0
F,4148605369,1,,,,1019950000683,플라이 애쉬를 포함하는 인공경량골재 및 그 제조방법,19950117.0,,0.0,0.0,4.0,5.0
F,4708105396,1,,,,2020020018592,전기 파마기,20020619.0,,0.0,0.0,1.0,1.0
J,6708105431,1,,,,1020200070127,온라인 게임 서버 및 그 제어 방법,20200610.0,H04L63/1408,0.0,0.0,1.0,7.0
F,5028105451,1,,,,1020190040234,유진종합건설 콘크리트 구조물의 방수층,20190405.0,E04B1/644,0.0,0.0,1.0,6.0
J,2038805482,1,,,,1020160146336,뇌기능 향상을 위한 장치 및 그 시스템,20161104.0,G06Q50/22,0.0,0.0,1.0,4.0
J,3158605486,1,,,,1020180073036,블록체인 dPoC 합의알고리즘 기반 합의 인증 수행 방법,20180625.0,G06Q20/382,2.0,0.0,1.0,1.0
J,5338805516,1,,,,1020190070443,해외주재원의 파견을 지원하기 위한 플랫폼,20190614.0,G06Q10/063112,0.0,0.0,1.0,6.0
J,1208705528,1,,,,2020010002225,광고기능을 갖는 서표,20010131.0,,0.0,0.0,1.0,2.0
F,3158105530,1,,,,2020030003992,환경친화적 가동보,20030211.0,E02B7/44,0.0,0.0,1.0,4.0
J,6218605543,1,,,,1020150036270,한약 조제 공정 관리 시스템에 의한 한약 조제 공정 관리 방법,20150316.0,G06Q50/04,0.0,1.0,5.0,1.0
J,6348605544,1,,,,1020190120038,이미지 개선 장치 및 이미지 개선 방법,20190927.0,G06T5/001,0.0,0.0,2.0,15.0
F,1238605550,1,,,,1020190031017,합성수지패널용 덮개바,20190319.0,E04F10/005,1.0,0.0,1.0,1.0
J,2878705576,1,,,,1020190093073,재활용품 또는 중고물품의 자동 분류 시스템 및 이를 이용한 자동 분류 방법,20190731.0,G06Q50/26,3.0,0.0,2.0,8.0
C,1228605587,1,,,,1020000076521,인터넷과 전화정보서비스를 연계시킨 가요제 참가 및 심사 운영시스템의 운영방법,20001214.0,G06Q50/10,0.0,0.0,1.0,1.0
C,1388105588,1,,,,1020000023946,광고접근정도를 상품의 판매가에 직접 적용한전자상거래방법 및 장치,20000504.0,,0.0,1.0,1.0,7.0
K,1058705597,1,,,,1020160022926,과밀지수를 이용한 창업지원정보 제공 시스템 및 제공 방법,20160226.0,G06Q10/06,0.0,0.0,5.0,18.0
F,2028105650,1,,,,2020080011290,친환경 소재를 이용한 식생매트,20080825.0,A01G24/27,0.0,0.0,1.0,2.0
F,2718105654,1,,,,2019950008853,음료공급통,19950427.0,B67D1/0801,0.0,0.0,1.0,2.0
F,3148105657,1,,,,1020030043380,전자 시계 시스템 및 그 제어방법,20030630.0,G04C13/0436,0.0,0.0,1.0,12.0
F,6162905674,1,,,,1020020029013,가축용 자화수 급수장치,20020524.0,E02B13/00,0.0,4.0,1.0,2.0
F,7788605681,1,,,,1020080066270,태양열을 이용한 축열탱크,20080708.0,F24D3/005,3.0,0.0,1.0,3.0
J,1068605690,1,,,,2020020012381,형상물이 구비된 동화책,20020423.0,,0.0,0.0,1.0,3.0
F,4968805722,1,,,,1020180026679,흙막이 구조물용 띠장과 버팀보의 체결구조,20180307.0,E02D17/04,1.0,1.0,1.0,4.0
F,6618805725,1,,,,1020100039580,부동결 소화용수 공급장치,20100428.0,A62C35/68,3.0,0.0,1.0,7.0
F,4338105736,1,,,,1020180132103,비계가 필요없는 건물의 외장 보수 시스템 및 그 공법,20181031.0,E04G23/0296,0.0,0.0,1.0,8.0
F,6828705739,1,,,,1019990039936,그라우팅 지향식 수평 굴착 방법,19990916.0,E21D9/10,0.0,0.0,1.0,3.0
J,2158705758,1,,,,1020120040546,상품의 홍보를 위한 쿠폰 전달시스템,20120418.0,G06Q30/0214,0.0,0.0,1.0,6.0
J,2078105768,1,,,,1020190027039,모바일 앱 사용자의 빅데이터 분석 모델 실시간 생성을 위한 딥러닝 오차 최소화 시스템 및 그 제어방법,20190308.0,G06N3/08,0.0,0.0,1.0,8.0
F,6088105803,1,,,,2019940038910,칸막이벽 결합구조,19941230.0,E04B2/825,0.0,0.0,1.0,1.0
F,4111505815,1,,,,1019970041735,인접 송수신 안테나간의 무선주파수 간섭제거 시스템,19970827.0,H01P1/18,0.0,0.0,3.0,7.0
J,1018605829,1,,,,1020060018319,상수 관로 세척 방법 및 장치,20060224.0,B08B9/055,0.0,0.0,3.0,14.0
F,4828705837,1,,,,1020190040234,유진종합건설 콘크리트 구조물의 방수층,20190405.0,E04B1/644,0.0,0.0,1.0,6.0
J,1388105849,1,,,,1020090020934,데이터베이스 툴 식별 장치 및 방법,20090311.0,G06F16/21,1.0,0.0,1.0,16.0
F,3168105855,1,,,,1020150184867,엔트리유닛,20151223.0,F16L5/02,0.0,0.0,2.0,4.0
F,1248105870,1,,,,1020110055539,콘크리트 구조물의 보수공법 및 이 보수공법에 사용되는 자동화장치,20110609.0,E04G23/0203,0.0,0.0,1.0,6.0
J,2648105890,1,,,,1020140152913,P2p 지원 장치 및 그의 p2p 지원 방법,20141105.0,H04L67/28,0.0,0.0,1.0,12.0
J,3148105907,1,,,,1020160116972,스마트 필름 스크린을 이용한 광고 디스플레이를 제어하기 위한 스마트필름 광고 셋탑박스 시스템,20160912.0,G09F13/08,3.0,0.0,1.0,1.0
L,1058505910,1,,,,2019800001363,탁주병 마개,19800305.0,B65D41/10,0.0,0.0,1.0,1.0
C,2718805919,1,,,,1020160153443,생수통 자동주문이 가능한 냉온정수기 및 그 생수통의 배달시스템,20161117.0,G06Q10/087,0.0,0.0,2.0,2.0
J,2208805935,1,,,,1020180149693,의료관광 빅데이터 수집 방법,20181128.0,G06Q50/14,1.0,0.0,3.0,4.0
J,2218705947,1,,,,2020110007509,맨홀,20110819.0,E02D29/1409,0.0,0.0,1.0,2.0
J,8268105961,1,,,,1020000048195,구매가망상품 도출시스템 및 그 방법,20000819.0,,0.0,0.0,1.0,10.0
F,5148105975,1,,,,1020110046219,지반침하 저감을 위한 개선된 토류판 구조체 및 이를 이용한 흙막이 가시설의 시공방법,20110517.0,E02D17/04,0.0,0.0,1.0,11.0
J,3138605987,1,,,,1020200061544,소셜 네트워크와 연동되는 커머스 플랫폼에서의 리뷰샵 관리 방법 및 시스템,20200522.0,G06Q30/0631,0.0,0.0,3.0,10.0
J,3148605988,1,,,,1020020061980,문화재 전시용 벽부 매입형 진열장,20021011.0,A47F3/125,0.0,1.0,4.0,3.0
J,4668105990,1,,,,1020170162910,버스 승강장의 휴대 장치 충전 시스템,20171130.0,H02J7/0047,0.0,0.0,3.0,6.0
J,8308805997,1,,,,1020200151403,"임펄스 레디오 울트라 와이드 밴드를 이용한 승하차 감지와 안전벨트 착용 확인 및 승용차, 셔틀버스 등의 차량 주변 사고에 대한 안전관리 시스템",20201112.0,B60R21/01,0.0,0.0,1.0,2.0
G,1058806037,1,,,,1020160049474,카트 충전 시스템,20160422.0,B60L50/53,0.0,0.0,1.0,7.0
F,1248706048,1,,,,1020150175304,약제의 블리스터 포장 장치,20151209.0,B65B11/50,0.0,0.0,2.0,10.0
J,1198606061,1,,,,1020130131069,"라이프로그에 따라 출력정보가 변경되는 전자책 서비스 제공 시스템, 방법 및 그 방법을 실행시키기 위한 컴퓨터로 실행시킬 수 있는 프로그램이 저장된 기록매체",20131031.0,G06Q50/10,0.0,0.0,1.0,3.0
F,1358106065,1,,,,2020080001670,테이블베이스,20080204.0,E02D27/28,0.0,0.0,1.0,6.0
J,2218106067,1,,,,1020060131238,마이크로니들 롤러,20061220.0,A61M37/00,0.0,0.0,2.0,4.0
J,4188706071,1,,,,1020200077195,다방향에서 확인 가능한 신호등,20200624.0,G08G1/095,0.0,0.0,2.0,6.0
J,6528806075,1,,,,1020200061386,병원 관제 시스템 및 그 제어방법,20200522.0,G08B21/182,1.0,0.0,1.0,8.0
J,1198106079,1,,,,1020070053251,리치미디어 서비스를 위한 실시간 데이터 연동방법 및 그리치미디어 장치,20070531.0,G06Q50/10,0.0,0.0,5.0,20.0
F,1248606107,1,,,,1020200079820,자연순환식 환기장치를 구비한 창호시스템,20200630.0,E06B7/04,2.0,0.0,1.0,11.0
J,1548106124,1,,,,1020200063497,콜봇 서비스 제공 장치 및 방법,20200527.0,H04M3/42221,1.0,0.0,2.0,7.0
J,1138606137,1,,,,1020100041104,"증강 현실을 이용하여 예약 서비스를 제공하기 위한 방법, 단말 장치 및 컴퓨터 판독 가능한 기록 매체",20100430.0,G06Q10/02,0.0,0.0,1.0,11.0
C,1368106244,1,,,,1020150121240,호환성탈부착결합성이 우수한 에스컬레이터 역회전 방지용 스마트 보조브레이크장치,20150827.0,B66B29/00,0.0,7.0,2.0,2.0
F,1138106246,1,,,,1020100068761,빛을 따라 움직이는 화분 로봇,20100716.0,B25J11/00,0.0,0.0,1.0,1.0
J,1348606269,1,,,,1020130089505,슈팅게임에서의 감성적인 슈팅방법,20130729.0,A63F13/2145,0.0,0.0,1.0,4.0
F,2268106286,1,,,,1020170182457,회전식 차량용 의자,20171228.0,B60N2/14,0.0,0.0,2.0,5.0
F,5068106297,1,,,,1020210007492,보강 코너피스를 구비한 열접착 창호,20210119.0,E06B3/964,1.0,0.0,2.0,4.0
M,1058106314,1,,,,1020010066712,네이밍 서비스방법,20011029.0,,0.0,0.0,2.0,16.0
C,1248606321,1,,,,1020200119801,방음터널 점검로용 브라켓 및 이를 이용한 점검로의 시공방법,20200917.0,E01F8/0023,1.0,0.0,1.0,5.0
F,4918806345,1,,,,1020180046037,내화학성을 지닌 속경성 보수 몰탈 조성물,20180420.0,C04B28/02,2.0,0.0,3.0,2.0
M,1058706361,1,,,,1020200012127,온라인 간판 제작 견적 시스템 및 이를 이용한 견적 방법,20200131.0,G06Q30/0273,1.0,0.0,1.0,5.0
F,5158606366,1,,,,2020070020894,수직배관의 분배관 구조,20071228.0,F24F13/0209,0.0,0.0,2.0,3.0
L,8108806367,1,,,,1020170150714,정보 관리 장치 및 방법,20171113.0,G06Q30/0635,1.0,0.0,4.0,11.0
F,1238106376,1,,,,1020090000753,정화조용 악취저감장치,20090106.0,B01D53/84,0.0,0.0,1.0,10.0
F,3288606404,1,,,,1020110038926,열전소자를 이용한 냉각장치,20110426.0,F25B21/02,0.0,0.0,1.0,4.0
J,2048106417,1,,,,1020080041260,인터넷 전화 서비스 시스템 및 방법,20080502.0,H04L65/1069,0.0,0.0,1.0,2.0
F,5278706422,1,,,,1020180132103,비계가 필요없는 건물의 외장 보수 시스템 및 그 공법,20181031.0,E04G23/0296,0.0,0.0,1.0,8.0
G,1058806426,1,,,,1020160131277,냉각 성분을 포함하는 발열 화장료 조성물,20161011.0,A61K8/34,0.0,0.0,1.0,4.0
F,4168106436,1,,,,1020160000990,무동력 회전파쇄구가 장착된 연약지반 개량용 심층혼합처리장치 및 방법,20160105.0,E02D3/12,0.0,0.0,2.0,2.0
F,6998706440,1,,,,1020090127580,판넬 지지유닛 및 이를 이용한 보 거푸집 지지시스템,20091219.0,E04G13/04,1.0,0.0,2.0,9.0
F,8888806442,1,,,,2019960017464,주차설비용 차량방향전환장치,19960625.0,E04H6/40,0.0,0.0,1.0,1.0
F,3528706456,1,,,,1020060108015,사면녹화용 식생기반재,20061102.0,A01G2/00,3.0,1.0,1.0,8.0
F,6168106465,1,,,,1020120016621,전구형 쏘일 네일의 시공에 사용되는 인장캡 및 인장캡을 이용한 전구형 쏘일 네일 시공방법,20120217.0,E02D5/80,0.0,0.0,1.0,2.0
J,2208806483,1,,,,20130100778,Nfc와 mo기반의 농산물 직거래 방법 및 시스템,20130826.0,G06Q30/06,0.0,0.0,1.0,3.0
J,1148106504,1,,,,1020000073289,인터넷에서의 동영상 광고시스템 및 방법,20001205.0,,0.0,0.0,1.0,4.0
J,1238606510,1,,,,1020080044292,교육 인맥 네트워크를 이용한 대화형 협업 학습 시스템,20080514.0,G06Q50/20,0.0,0.0,2.0,4.0
F,6098106553,1,,,,2019930001671,다용도 조리기용 속도변환 모터,19930209.0,H02K3/28,0.0,0.0,2.0,2.0
F,6098106554,1,,,,1020170001525,난환경 통신용 안테나장치,20170104.0,H01Q1/34,0.0,0.0,2.0,5.0
J,1058606557,1,,,,1020060094782,데이터베이스 보안 장치 및 방법,20060928.0,G06F21/31,0.0,3.0,6.0,7.0
J,1308606586,1,,,,1020200123630,박스 밴딩 장치,20200924.0,B65B13/02,0.0,0.0,4.0,6.0
G,6071906592,1,,,,1020110045057,대용량 광선로 케이블 절체시스템,20110513.0,H04B10/032,0.0,0.0,1.0,5.0
F,6218106607,1,,,,2019960012302,세탁기의 공기방울발생장치,19960517.0,D06F17/12,0.0,0.0,1.0,1.0
J,1018606626,1,,,,1020200089494,사용자 요구사항을 활용한 기능점수 자동 측정과 검증 방법 및 시스템,20200720.0,G06F11/3692,0.0,0.0,1.0,10.0
F,1288606638,1,,,,1020060131238,마이크로니들 롤러,20061220.0,A61M37/00,0.0,0.0,2.0,4.0
J,2158106642,1,,,,1020150126739,디지털 증거물에 대한 원격 접수 장치,20150908.0,G06Q50/26,2.0,0.0,4.0,5.0
F,6158606658,1,,,,1020190040234,유진종합건설 콘크리트 구조물의 방수층,20190405.0,E04B1/644,0.0,0.0,1.0,6.0
M,6678706662,1,,,,1020170014495,산란선 차단 기능을 가진 디지털 검출기와 이를 구비하는 x선 촬영 시스템 및 산란성 차단 기능을 제공하는 산란선 필터 모듈과 이를 구비하는 x선 촬영 시스템,20170201.0,A61B6/4208,0.0,0.0,1.0,12.0
H,1058106665,1,,,,1020090059698,합성수지로 제작되는 드럼통 및 이를 제작하기 위한 금형,20090701.0,B65D1/46,3.0,0.0,1.0,2.0
J,1198606700,1,,,,20130106535,모바일 쿠폰 생성 시스템 및 방법,20130905.0,G06K19/06028,0.0,0.0,1.0,5.0
G,1378606710,1,,,,2020020002112,필터압착구조를 갖는 필터 하우징,20020123.0,,0.0,0.0,1.0,1.0
F,4118106718,1,,,,1019990013064,로터리식 루퍼,19990413.0,B21C47/16,0.0,1.0,1.0,2.0
C,1058106732,1,,,,2020030033048,음향반사판 이송용 고정장치,20031022.0,A63J5/04,0.0,0.0,1.0,3.0
J,1058706733,1,,,,1020130015675,케어기버와 연계되는 원격 의료 관리 시스템 및 방법,20130214.0,G16H40/40,0.0,0.0,1.0,12.0
M,8048706770,1,,,,1020190040758,자전거용 스마트 스테이션,20190408.0,E04H6/005,0.0,0.0,1.0,3.0
F,1108106778,1,,,,1020170022935,서포트용 신축 고정장치,20170221.0,E04G25/066,0.0,0.0,6.0,2.0
F,1248106779,1,,,,1019990005157,가스 무인 경보 시스템,19990212.0,G08B29/02,0.0,0.0,1.0,1.0
F,4168706793,1,,,,2019840006314,카셋트 고정장치,19840703.0,G11B33/12,0.0,0.0,1.0,1.0
F,1258106811,1,,,,2020000006030,인공 조경에 내장한 공기정화기,20000303.0,A61L9/22,0.0,0.0,1.0,1.0
F,1178106852,1,,,,1019990022922,단섬유들로 성형된 항균성 정수용 필터 및 그 제조방법,19990618.0,B01D39/18,0.0,2.0,1.0,4.0
C,3058606880,1,,,,2020170001859,헤어 밴드,20170413.0,A45D8/36,1.0,0.0,1.0,4.0
F,3108106888,1,,,,1020210128287,자동 원격 이중화 방송 시스템,20210928.0,,0.0,0.0,1.0,0.0
F,4118106890,1,,,,1020200029197,스마트 박스를 이용한 지능형 소화기 관리시스템,20200309.0,A62C13/76,1.0,0.0,1.0,5.0
J,4138606913,1,,,,1020160058754,서버기반 gnss 위치결정 시스템 및 방법,20160513.0,G01S19/12,0.0,0.0,1.0,6.0
F,5038106916,1,,,,1020110050304,실린더 냉각기능을 갖는 에어리스 펌프,20110526.0,B05B9/002,0.0,2.0,1.0,2.0
F,1108106935,1,,,,1020170139375,콘크리트 구조체의 균열 저감장치,20171025.0,E04B1/68,2.0,0.0,1.0,1.0
F,1088106938,1,,,,1020080126090,간이 상수도 실시간 원격관리 시스템 및 그 운용방법,20081211.0,G06Q50/06,0.0,0.0,2.0,1.0
G,1058706946,1,,,,1020180051826,환기시스템 및 그에 의한 환기방법,20180504.0,F24F11/0001,1.0,0.0,2.0,5.0
F,1058706947,1,,,,1020060088509,녹용 보관방법,20060913.0,A23B4/03,0.0,0.0,5.0,2.0
F,2248106983,1,,,,1020080052517,부착망 고정장치 및 이를 이용한 시공방법,20080604.0,E02D17/20,0.0,1.0,1.0,6.0
J,6808607025,1,,,,1020220008072,차량 매칭 서비스를 위한 모빌리티 플랫폼을 제공하는 방법 및 장치,20220119.0,G06Q50/30,1.0,0.0,1.0,2.0
F,1098607041,1,,,,1020160000990,무동력 회전파쇄구가 장착된 연약지반 개량용 심층혼합처리장치 및 방법,20160105.0,E02D3/12,0.0,0.0,2.0,2.0
F,2058107070,1,,,,1019990014606,멀티미디어 문서저작 통합시스템 구현 방법,19990423.0,G06Q50/10,0.0,0.0,2.0,5.0
N,1058707096,1,,,,2020030021912,휴대폰 케이스,20030708.0,A45C11/00,0.0,0.0,1.0,3.0
F,3368807103,1,,,,1020020080522,석탄회를 주성분으로 하는 콘크리트 혼화재 조성물 제조장치,20021213.0,C04B7/26,0.0,0.0,2.0,1.0
J,1308607108,1,,,,1020160135254,실시간 컨텐츠 제공 방법 및 시스템,20161018.0,H04L67/1095,0.0,0.0,3.0,12.0
G,1018607136,1,,,,2020030013143,거푸집용 세파타이,20030428.0,E04G17/0658,0.0,0.0,1.0,1.0
J,7058707149,1,,,,1020200050092,비상장 주식의 거래 방법 및 이를 수행하기 위한 컴퓨팅 장치,20200424.0,G06Q40/04,1.0,0.0,4.0,10.0
F,1098607150,1,,,,1020140039323,구조보강부재를 구비한 지붕판넬조립체,20140402.0,E04D3/352,0.0,8.0,1.0,6.0
M,1058707152,1,,,,1020200088819,비대면 국제회의 화상 컨퍼런스 플랫폼 및 그 무대 장치,20200717.0,H04N7/15,0.0,0.0,1.0,1.0
F,1058107155,1,,,,1020190054197,스틸박스 도장제거장치,20190509.0,B24C1/086,1.0,0.0,1.0,1.0
C,1238607158,1,,,,1020060070644,종이상자용 접지금형 조립구조,20060725.0,B31B50/26,1.0,0.0,1.0,1.0
J,8308707172,1,,,,1020030008432,토목 및 도로 교통 시설물 설치용 기둥의 매설형 하부 기초,20030211.0,E04H12/2269,0.0,0.0,1.0,3.0
F,1208707200,1,,,,1020130005875,커튼 작동줄의 안전장치,20130118.0,A47H5/032,2.0,0.0,1.0,4.0
J,1178107234,1,,,,1020120042295,"화면 관리 시스템, 단말, 그의 화면 노출 방법 및 화면 노출 설정 방법",20120423.0,G06F3/0484,0.0,0.0,1.0,21.0
F,5028607247,1,,,,1020030040542,조립식 잔교형 부두,20030623.0,E02B3/066,0.0,0.0,1.0,2.0
J,5088107248,1,,,,20130110612,통신망을 이용한 관광 상품 제공 시스템 및 그 운용 방법,20130913.0,G06Q50/10,0.0,0.0,2.0,10.0
F,8438707255,1,,,,1020200077523,댁내용 비상 알람 생성기 및 생성 시스템,20200625.0,G08B25/016,1.0,0.0,2.0,6.0
F,1058607275,1,,,,1020020086913,파일 또는 프로그램 변환방법,20021230.0,G06F9/44505,0.0,0.0,1.0,6.0
F,8668107281,1,,,,1020210129294,습기의 침투를 차단하는 바닥난방 시공방법,20210929.0,E04F15/181,0.0,0.0,1.0,4.0
G,1088107283,1,,,,2020120001384,화재감지장치의 공기 샘플링 파이프용 고정클립,20120222.0,A62C37/08,1.0,0.0,1.0,1.0
F,1238107291,1,,,,1020190156171,건물체의 외부 형상화 qr코드 인식 기반 건물 관련정보 제공시스템,20191128.0,G06Q50/10,0.0,0.0,1.0,1.0
J,8048607303,1,,,,1020150157953,영어 발음기호를 이용한 외국어 및 자국어 표시장치 및 방법,20151111.0,G09B19/06,0.0,2.0,1.0,21.0
F,1098107320,1,,,,1020030021767,"해양사고 방지를 위한 무선통신 중계서비스방법,중계처리방법 및 중계시스템",20030407.0,B66D1/36,0.0,0.0,3.0,24.0
J,8938807338,1,,,,1020170018729,학습 콘텐츠를 위한 실시간 첨삭 시스템,20170210.0,G06Q50/20,0.0,0.0,1.0,1.0
F,1058607339,1,,,,1020030020992,원적외선 방사 및 음이온 방출 페인트,20030403.0,C09D1/00,0.0,0.0,1.0,1.0
G,6078607390,1,,,,2020060016589,스피커,20060620.0,H04R9/025,0.0,0.0,1.0,1.0
F,6158107393,1,,,,2020060026690,열선에 의한 슬러지 건조장치,20060929.0,B30B9/121,0.0,0.0,3.0,3.0
G,1108107503,1,,,,1020160129158,발전설비 관리 서버,20161006.0,G06Q50/10,1.0,0.0,4.0,7.0
J,2118807510,1,,,,1020170019455,데이터 통신 방법,20170213.0,G06F13/38,0.0,0.0,1.0,5.0
F,5218707519,1,,,,1020080039472,임펠러의 황삭가공을 위한 공구조합 선정방법,20080428.0,B23P15/02,2.0,0.0,2.0,1.0
F,1088107561,1,,,,1020040104530,차량용 핸들구조,20041211.0,B62D1/06,3.0,1.0,1.0,1.0
J,1248107564,1,,,,1020010018909,정보 통신망을 이용한 휴게소 관리 시스템,20010410.0,,0.0,0.0,1.0,6.0
F,1258107565,1,,,,1019940031334,자동폐색기능 검지장치,19941126.0,,0.0,0.0,1.0,6.0
J,2778607578,1,,,,1020180028624,의료 데이터 모니터링 시스템,20180312.0,G16H50/30,1.0,0.0,2.0,8.0
J,4368607581,1,,,,1020200050632,Gps 항적을 이용한 자이로 컴파스 보정장치,20200427.0,G01S19/071,1.0,0.0,4.0,4.0
C,1118107596,1,,,,1020030020232,"용존산소 증가, 영양원 제거 및 저질 개선 효과를 갖는녹조 및 적조 제거제 및 이를 이용한 녹조 및 적조 제거방법",20030331.0,C02F1/52,0.0,0.0,1.0,12.0
F,6138107649,1,,,,1020030003056,칼라벽돌 표면 융착장치,20030116.0,B28B11/005,0.0,0.0,5.0,2.0
C,4058607663,1,,,,1020120003538,기판처리장치 및 방법,20120111.0,H01L21/67196,0.0,0.0,1.0,9.0
J,1058707666,1,,,,1020070136981,멀티 레이저 스캐닝 라인을 갖는 다중 루프 코어 이중플라즈마 반응기,20071226.0,H01J37/32899,0.0,0.0,1.0,19.0
F,6088107678,1,,,,1020140073771,폐수 정화 장치 및 방법,20140617.0,B01D21/28,1.0,0.0,1.0,11.0
F,1378107716,1,,,,1020180087421,각변위 센서를 이용한 연동형 지반 및 구조물 침하 측정장치 및 이를 이용한 지반 및 구조물 침하 측정방법,20180726.0,G01B21/32,2.0,0.0,11.0,11.0
F,3018607724,1,,,,1020200017562,아파트 및 건물 외벽 뿜칠도장을 위한 공사방법,20200213.0,B05B1/28,1.0,0.0,1.0,1.0
C,1088107757,1,,,,1020090049338,인풋 디바이스 코드 유니버설 맵핑 시스템,20090604.0,G06F13/382,0.0,0.0,1.0,3.0
C,1228107765,1,,,,2020010039969,열펌프시스템의 폐수열교환기,20011224.0,,0.0,0.0,3.0,2.0
S,1228607766,1,,,,1020140140066,선박 반목 설치를 위한 3차원 측위위치표시 시스템,20141016.0,B63C1/00,0.0,0.0,1.0,6.0
J,1268607768,1,,,,2020000036472,열전반도체소자를 이용한 냉각수 공급 장치,20001219.0,,0.0,0.0,1.0,1.0
F,2278107778,1,,,,2019800002109,태양열 집열기,19800401.0,,0.0,0.0,1.0,1.0
J,3318607788,1,,,,1020040049335,디자인 교육 콘텐츠에 기반하여 비주얼 지수를 향상시키기위한 디자인 교육 방법 및 시스템.,20040629.0,G06F16/1865,0.0,0.0,2.0,7.0
N,3908707790,1,,,,1020190166437,개인 맞춤 여행 가이드북 제공 시스템 및 그 방법,20191213.0,G06Q50/14,0.0,0.0,1.0,1.0
F,3948607791,1,,,,1020170017954,태양광 패널 청소 로봇 시스템,20170209.0,H02S40/10,1.0,0.0,1.0,6.0
J,6648107814,1,,,,1020180134827,교육과정 평가에 따른 평가정보 구축 및 제공방법,20181106.0,G06Q50/2057,0.0,0.0,1.0,3.0
J,7458607816,1,,,,1020000023815,인터넷과 전화를 이용한 행사일정 통보방법,20000503.0,G06Q50/30,0.0,0.0,1.0,3.0
F,1078107839,1,,,,1020160079029,사용수 회수기능을 갖는 유압식 코어 드릴 및 이를 이용한 콘크리트 구조물 해체용 구멍 천공공법,20160624.0,B28D7/02,0.0,0.0,2.0,11.0
F,1188107841,1,,,,1020060033945,다량의 전선배선을 위한 아파트의 배전함,20060414.0,H02G3/088,0.0,0.0,1.0,2.0
F,4168107868,1,,,,1020140073771,폐수 정화 장치 및 방법,20140617.0,B01D21/28,1.0,0.0,1.0,11.0
F,6268707874,1,,,,1020210072839,유충 여과시설을 갖춘 정수처리장치,20210604.0,B01D21/0012,1.0,0.0,6.0,9.0
C,1048107915,1,,,,1020200189720,"콜라겐 원단 및 이를 이용한 패션마스크와 속옷, 레깅스",20201231.0,D06M15/15,2.0,0.0,1.0,5.0
J,3878107920,1,,,,1020190023106,큐레이션엔진을 이용한 추천음식콘텐츠 미디어 제공시스템,20190227.0,G06Q30/0252,3.0,0.0,1.0,8.0
G,1058707937,1,,,,1020200110421,농약 정보 알리미 시스템 및 그 방법,20200831.0,G06Q50/02,2.0,0.0,1.0,8.0
F,6028107977,1,,,,2019940038910,칸막이벽 결합구조,19941230.0,E04B2/825,0.0,0.0,1.0,1.0
F,1058107993,1,,,,1020120141721,콘크리트 구조물 절단장치 및 절단방법,20121207.0,B28D1/068,0.0,0.0,3.0,5.0
J,5028108000,1,,,,1020010019679,인터넷상의 대량전자메일관리방법,20010412.0,,0.0,0.0,1.0,1.0
N,7308708022,1,,,,1020200085076,레이저 컷팅기를 이용하여 가공 대상물을 절단하는 과정에서 발생한 유해가스 및 분진을 정화하기 위한 3 패스 방식의 레이저 절단 가스 정화 장치,20200710.0,B23K26/16,2.0,0.0,1.0,4.0
J,7378108023,1,,,,1020190170692,배달대행 관리 시스템 및 그 방법,20191219.0,G06Q50/28,0.0,0.0,1.0,7.0
F,3148608041,1,,,,1020110029027,환기장치용 열교환기,20110330.0,F24F12/006,0.0,0.0,1.0,6.0
F,2218108055,1,,,,1020100103470,해조류 이식용 고정장치 및 이를 포함한 해중림초 구조물,20101022.0,A01G33/00,0.0,0.0,3.0,7.0
J,3148108058,1,,,,1020110089317,실시간 영상 합성 시스템,20110903.0,H04N5/272,1.0,0.0,2.0,5.0
F,8398708072,1,,,,2019970002964,실내의 벽판넬 부착장치,19970224.0,E04B2/7457,0.0,0.0,1.0,1.0
J,1048608075,1,,,,1020170076328,3d 실사 데이터의 개인별 실감형 3d 콘텐츠 제작을 위한 3d 스캔 및 프로그램 시스템,20170616.0,G06T17/20,0.0,0.0,1.0,5.0
J,1058808086,1,,,,1020180078056,"포스 기반 고객 마케팅 시스템, 그 제어방법",20180705.0,G06Q30/0238,1.0,0.0,1.0,9.0
F,1248608088,1,,,,1019900002806,요철무늬표면을 pvc필름으로 흡착코팅한 성형품의 제조방법 및 장치,19900305.0,,0.0,0.0,1.0,2.0
C,1278608089,1,,,,1020160099792,호환형 엘이디 램프 제어 회로 및 이를 포함하는 엘이디 램프 등기구,20160805.0,H05B33/0812,0.0,0.0,1.0,3.0
J,3478808091,1,,,,1020190142306,회전이용이 가능한 회전테이블 조립,20191108.0,A47B11/00,0.0,0.0,1.0,3.0
G,1058708102,1,,,,1020080084497,선반장치,20080828.0,A47B57/42,2.0,0.0,1.0,6.0
G,1058708133,1,,,,1019960074376,폐수처리용의 합성방법,19961223.0,C08B37/003,0.0,0.0,1.0,1.0
F,1098108140,1,,,,2019970035199,철근콘크리트거푸집용 판넬,19971126.0,,0.0,0.0,1.0,2.0
F,1218108147,1,,,,1020000050817,재활용품 선별장치 및 그 방법,20000830.0,B07B13/003,0.0,0.0,1.0,1.0
F,3388708162,1,,,,1020120132180,배관이 용이한 수전구,20121121.0,E03C1/042,0.0,0.0,2.0,5.0
F,1138608171,1,,,,1020200009043,태양광발전용 스크류파일,20200123.0,E02D5/56,1.0,0.0,1.0,5.0
C,1068708183,1,,,,1020150061658,메모리 장치를 구비하는 거치 시스템,20150430.0,G06F1/166,1.0,0.0,2.0,8.0
M,1058108188,1,,,,1020180016798,워터젯 로봇시스템의 고압유체 분사장치,20180212.0,B05B13/0452,0.0,0.0,1.0,5.0
J,5298708211,1,,,,1020170081312,"녹차꽃 추출물을 포함하는, 피부자극 완화, 피부 세정, 미백 또는 항산화용 화장료 조성물",20170627.0,A61K8/9789,0.0,0.0,3.0,6.0
F,4088108235,1,,,,1020080058515,공조장치,20080620.0,F25B43/00,0.0,0.0,1.0,3.0
G,1058708245,1,,,,1020200073125,토너카트리지 재생방법,20200616.0,G03G21/1828,0.0,0.0,1.0,15.0
J,1198608309,1,,,,1020150163774,영상 가공과 영상 암호화 기능을 구비한 영상 처리 시스템,20151123.0,H04N7/167,2.0,0.0,2.0,6.0
F,8778608318,1,,,,1020130037717,피씨 지중연속벽을 활용하여 스트럿구조나 어스앙카 구조에서 시공가능한 지하조립식 피씨 저류조 및 이의 시공 방법,20130405.0,E02D29/045,0.0,0.0,4.0,6.0
F,1098608327,1,,,,1020010061672,신발금형 및 이에 의해 제조되는 샌달,20011006.0,B29D35/00,0.0,0.0,1.0,7.0
F,1218108347,1,,,,1020090113125,근거리 무선통신을 이용한 보안 시스템,20091123.0,G06Q50/26,0.0,0.0,1.0,1.0
J,1218608348,1,,,,20140158731,스마트 룰러를 이용한 데이터 입력시스템,20141114.0,G06F3/0484,1.0,0.0,2.0,8.0
F,2418708384,1,,,,2019940038910,칸막이벽 결합구조,19941230.0,E04B2/825,0.0,0.0,1.0,1.0
C,1098108406,1,,,,1020020058451,무기계 폴리머 몰탈 조성물 및 그를 이용한 콘크리트 보수및 보강방법,20020926.0,C04B41/5024,0.0,3.0,1.0,2.0
J,1068608430,1,,,,1020120034672,소셜 네트워크 서비스를 이용한 정보 전달 서비스 제공 방법,20120403.0,G06Q50/01,1.0,0.0,1.0,9.0
N,5058108440,1,,,,1020190128299,반려견의 활동량과 심박호흡등 생체신호 그리고 임상신호에 기반한 질병예측 방법 및 장치,20191016.0,A61B5/1118,0.0,0.0,1.0,1.0
J,8288708445,1,,,,1020140136125,멀티캠 편집 시스템,20141008.0,H04N21/845,0.0,0.0,2.0,1.0
J,2158708463,1,,,,1020200183021,볼링 플랫폼 제공 방법 및 장치,20201224.0,G06Q50/10,0.0,0.0,1.0,10.0
P,6368708470,1,,,,1020200092629,"블록 코딩을 지원하기 위한 방법, 시스템 및 비일시성의 컴퓨터 판독 가능 기록 매체",20200724.0,G09B19/0053,1.0,0.0,3.0,15.0
F,1838608492,1,,,,1020170116732,접속함체용 여장판,20170912.0,G02B6/4446,1.0,0.0,1.0,7.0
J,1208708502,1,,,,1020170014355,수족관 원격 관리 시스템,20170201.0,G06Q50/10,1.0,0.0,2.0,4.0
F,1048108504,1,,,,1020090007630,최적 불량인식 방법,20090130.0,Y02P90/30,0.0,0.0,4.0,1.0
F,3748108508,1,,,,1020120033543,조명등,20120330.0,F21V7/04,1.0,0.0,1.0,3.0
F,1308608521,1,,,,1020200124509,건물 옥상용 단열방수 보수공법,20200925.0,E04D11/02,0.0,0.0,1.0,2.0
F,2618108526,1,,,,1020180132103,비계가 필요없는 건물의 외장 보수 시스템 및 그 공법,20181031.0,E04G23/0296,0.0,0.0,1.0,8.0
J,1138608542,1,,,,1020120055186,스마트 의 영상품질 측정 방법,20120524.0,H04N17/004,0.0,0.0,1.0,4.0
J,8528108547,1,,,,1020180044488,"암호화폐를 이용한 할인 적립금 지급 방법, 플랫폼 서버 및 시스템",20180417.0,G06Q30/0619,1.0,6.0,1.0,1.0
J,1648708551,1,,,,1020150143281,빈자리 안내 및 예약 서비스 시스템,20151014.0,G06Q10/02,0.0,0.0,2.0,1.0
J,2148708573,1,,,,1020130098744,납부자 본인동의 인증을 통한 자동이체 부정출금 방지 시스템 및 방법,20130820.0,G06Q20/10,0.0,0.0,1.0,16.0
F,3018108574,1,,,,1020120110630,모바일 플랫폼을 이용한 원격 건강 감시 시스템,20121005.0,A61B5/0002,0.0,0.0,1.0,1.0
J,1198608602,1,,,,1020100036323,신발 털이 장치,20100420.0,A47L23/263,0.0,2.0,1.0,1.0
J,1208708603,1,,,,1020190064800,기업의 위기 조짐 모니터링을 위한 기업 위험도 분석 방법 및 이를 위한 장치,20190531.0,G06Q10/0635,0.0,0.0,5.0,7.0
F,2258108610,1,,,,2019940038910,칸막이벽 결합구조,19941230.0,E04B2/825,0.0,0.0,1.0,1.0
G,1078808634,1,,,,1020080091824,합성수지제 파이프 연결 고정구,20080918.0,F16L47/06,0.0,0.0,1.0,2.0
J,1198608641,1,,,,1020130124287,변경정보 유지 및 선택 기능을 구비한 정보통신장치 복원방법,20131018.0,G06F11/16,0.0,0.0,1.0,5.0
F,1218608643,1,,,,1020130014892,자동차 하부 나사체결장치,20130212.0,B23P19/06,0.0,0.0,1.0,7.0
C,1228108645,1,,,,1020010027880,솔레노이드의 구동방법,20010522.0,H01F7/18,0.0,0.0,1.0,2.0
J,1248708647,1,,,,1020150065609,스마트 기기의 카메라를 이용한 스냅샷 기반의 퀵모드 교육 생성 기능을 갖는 미션 수행 타입 학습 서비스 제공 시스템,20150511.0,G06Q50/20,0.0,0.0,1.0,5.0
J,2068108660,1,,,,1020050026134,사용자 컴퓨터 화면의 캡쳐링에 기초한 파일 보안 시스템,20050329.0,A43B3/02,0.0,0.0,2.0,4.0
J,4818708688,1,,,,1020200064212,파일 관리 시스템 및 그 방법,20200528.0,G06F21/6227,1.0,0.0,1.0,7.0
F,5068108689,1,,,,1020150161810,센서 출력 보정 장치 및 보정 방법,20151118.0,G01G23/01,0.0,0.0,1.0,2.0
F,8958708715,1,,,,2020110007509,맨홀,20110819.0,E02D29/1409,0.0,0.0,1.0,2.0
G,1058708716,1,,,,2020140009335,접점식 압력 게이지를 포함하는 소화 설비용 기동 용기함,20141217.0,A62C37/50,0.0,0.0,1.0,8.0
F,3718608744,1,,,,1020170079404,동반 관입형 말뚝용 복합 관체 및 이를 이용한 현장타설 말뚝 공법,20170622.0,E02D5/50,0.0,0.0,2.0,4.0
J,6958608754,1,,,,1020190134583,모바일 단말의 스크린 락킹을 제어하는 보안 방법,20191028.0,G06F21/31,0.0,0.0,2.0,4.0
F,1058708756,1,,,,1020210128288,동보장치형 원격 이중화 방송 제어기,20210928.0,H04H20/33,0.0,0.0,1.0,9.0
J,1288108797,1,,,,1020090077308,고로 스테이브 가스발생 감지장치,20090820.0,C21B7/10,0.0,0.0,1.0,2.0
F,3818708826,1,,,,1020210153529,스마트 하수도 악취 저감 시스템,20211110.0,E03F5/04,1.0,0.0,2.0,8.0
C,2178108853,1,,,,1020150041862,댁내 비상 경보시스템,20150325.0,G08B19/00,0.0,0.0,2.0,8.0
F,4758108860,1,,,,1020000003809,진공증류에의한 염수정화 시스템,20000126.0,C02F1/04,0.0,0.0,1.0,1.0
J,4298108882,1,,,,1020200031251,인공지능에 대응한 라이다 시스템,20200313.0,G01S7/4861,1.0,0.0,1.0,3.0
F,1098108904,1,,,,2020070014255,건축용 커튼월의 지지브라켓,20070828.0,E04B2/967,0.0,0.0,1.0,2.0
F,6698708919,1,,,,1019950010680,가이드롤러용 피복재료,19950427.0,,0.0,0.0,3.0,1.0
C,7358708920,1,,,,1020190123578,스마트 거울 및 그 제조방법,20191007.0,G02B5/08,3.0,0.0,2.0,2.0
J,1078708958,1,,,,1020140099886,피보호자 위치추적 시스템,20140804.0,H04W4/029,0.0,0.0,2.0,3.0
J,3178108961,1,,,,1020130060361,퍼지 로직 적용 지식 베이스 기반에 의한 전기화재 원인 진단 시스템 및 방법,20130528.0,G06N7/02,0.0,0.0,3.0,10.0
G,1058608971,1,,,,1020120022627,다가 알코올 정제 방법 및 장치,20120306.0,C07C31/20,0.0,0.0,3.0,18.0
F,1258608981,1,,,,1020000002212,자동차 시트의 터닝장치,20000118.0,B60N2/14,0.0,0.0,1.0,3.0
F,1348609003,1,,,,1020030022196,터널 벽면 청소장치,20030409.0,F16K21/04,0.0,0.0,3.0,1.0
J,1978609015,1,,,,1020190047761,동영상 복제 검출 및 추적을 위한 방법 및 시스템,20190424.0,H04N21/23103,0.0,0.0,1.0,4.0
C,1058709033,1,,,,2020090013413,택시 요금 신용카드 결제기,20091015.0,G06Q20/34,0.0,0.0,1.0,2.0
G,1198609034,1,,,,2020200002681,소독 장치를 구비한 광고용 디스플레이 장치,20200723.0,G09F9/30,0.0,0.0,1.0,10.0
F,1058709038,1,,,,1020030091306,연약지반 개량용 드레인 케이싱,20031215.0,E02D3/103,0.0,0.0,1.0,3.0
F,1248109049,1,,,,1020040063079,교량 교좌장치의 변형감지를 위한 정밀 안전진단용 측정장치,20040811.0,G01B13/24,0.0,0.0,2.0,1.0
C,1388609051,1,,,,1020160005360,백플레인 보드,20160115.0,H05K7/1477,4.0,0.0,1.0,2.0
F,1098109085,1,,,,1020100103470,해조류 이식용 고정장치 및 이를 포함한 해중림초 구조물,20101022.0,A01G33/00,0.0,0.0,3.0,7.0
F,4128109090,1,,,,2020030029910,산기장치,20030922.0,C02F3/20,0.0,0.0,1.0,4.0
F,4228609091,1,,,,2019960017464,주차설비용 차량방향전환장치,19960625.0,E04H6/40,0.0,0.0,1.0,1.0
C,1098609119,1,,,,1020140021432,조립식 완구용 비대칭 블록 및 이를 구비하는 조립식 완구 세트,20140224.0,A63H33/084,1.0,1.0,3.0,7.0
F,1258109121,1,,,,1019910002139,건축물의 외벽 가설공법 및 그 장치,19910208.0,,0.0,0.0,1.0,3.0
C,1058709130,1,,,,2020180003109,반려동물 이송용 가방,20180706.0,A01K1/0254,0.0,0.0,1.0,3.0
F,1218109131,1,,,,1020070074063,음각 문양부와 엘이디 조명을 가지는 투명 문을 적용한 자동문,20070724.0,E06B3/02,0.0,0.0,1.0,6.0
F,1058609143,1,,,,1020170124153,나노탄소 스테이플파이버 복합 바닥재의 제조 및 시공방법,20170926.0,C04B14/022,0.0,0.0,1.0,4.0
J,4098709162,1,,,,1020210117365,O20 렌탈 중개 서비스 방법 및 플랫폼,20210903.0,G06Q30/0645,1.0,0.0,4.0,2.0
F,4108609163,1,,,,1020080066270,태양열을 이용한 축열탱크,20080708.0,F24D3/005,3.0,0.0,1.0,3.0
F,5088109167,1,,,,1020120110630,모바일 플랫폼을 이용한 원격 건강 감시 시스템,20121005.0,A61B5/0002,0.0,0.0,1.0,1.0
F,5098109168,1,,,,1020200039530,유지 및 침사 거름기능을 구비한 물받이,20200401.0,E03F5/14,1.0,0.0,2.0,6.0
F,6298709210,1,,,,1020120016621,전구형 쏘일 네일의 시공에 사용되는 인장캡 및 인장캡을 이용한 전구형 쏘일 네일 시공방법,20120217.0,E02D5/80,0.0,0.0,1.0,2.0
C,1058709230,1,,,,1020160002603,농축산물의 생산효율 향상을 위한 생육 보조제 및 기능성 식품 조성물,20160108.0,A23K10/30,0.0,0.0,3.0,8.0
F,5158109249,1,,,,1020160000990,무동력 회전파쇄구가 장착된 연약지반 개량용 심층혼합처리장치 및 방법,20160105.0,E02D3/12,0.0,0.0,2.0,2.0
F,1078709270,1,,,,2019970013651,비닐 인쇄기에 통과되는 비닐에 절취선을 형성시키는 롤러,19970609.0,,0.0,0.0,1.0,3.0
G,1098109289,1,,,,1020090097814,패턴이 투사되는 조명수단을 갖는 가로등,20091014.0,F21V5/04,1.0,3.0,1.0,3.0
J,1288609294,1,,,,1020150068923,빅 데이터 분석 기반의 상품 판매 허브 시스템,20150518.0,G06Q30/0601,0.0,0.0,4.0,4.0
J,2808109334,1,,,,1020170004270,불법주정차 방지 시스템,20170111.0,G08G1/0175,0.0,0.0,1.0,2.0
J,5188709343,1,,,,1020180154866,구매 대행 서버 및 구매 대행 서비스 제공 방법,20181205.0,G06Q30/0619,1.0,0.0,1.0,2.0
J,1128109384,1,,,,1020190134790,사운드를 이용한 사용자 식별 방법 및 그 장치,20191028.0,G10L17/02,0.0,0.0,1.0,6.0
J,5518109395,1,,,,1020190116671,공공사용 공간의 룸용 도어락 인증 시스템 및 이에 사용되는 스마트 도어락,20190923.0,G07C9/00309,0.0,0.0,1.0,1.0
G,5618809396,1,,,,2019990004804,정류기의 하프브리지형 직류직류 컨버터,19990325.0,H02M3/155,0.0,0.0,1.0,1.0
F,3018609410,1,,,,2019980016938,안락소파,19980907.0,,0.0,0.0,1.0,2.0
J,1138109499,1,,,,1020090072727,대표 번호를 이용한 통화 연결 서비스 제공 방법 및 시스템,20090807.0,H04W4/16,0.0,0.0,2.0,9.0
F,1198109510,1,,,,2020050035951,건설용 배관구멍 덮개,20051221.0,E03C1/12,0.0,0.0,1.0,4.0
K,1049009513,1,,,,1020000027533,인터넷을 기반으로 하는 보험운용시스템 및 그 운용방법,20000522.0,,0.0,0.0,1.0,9.0
F,1268109515,1,,,,1020090009093,공냉식 구이기,20090205.0,A47J37/067,0.0,0.0,1.0,3.0
F,6888709519,1,,,,1020100103470,해조류 이식용 고정장치 및 이를 포함한 해중림초 구조물,20101022.0,A01G33/00,0.0,0.0,3.0,7.0
F,1238609537,1,,,,20130015056,휴대용 단말기를 이용한 다중 사용자 인증 시스템 및 방법,20130212.0,H04L9/32,1.0,0.0,2.0,3.0
J,7648709556,1,,,,1020210070572,홈 네트워크 시스템,20210601.0,G06Q50/10,1.0,0.0,1.0,4.0
F,1088109605,1,,,,2019930006545,의류 보관용 상자,19930423.0,A47B61/006,0.0,0.0,1.0,1.0
F,1228109637,1,,,,1020070063860,가압이동장치,20070627.0,B67D7/84,0.0,1.0,1.0,3.0
F,2268109661,1,,,,1020200039530,유지 및 침사 거름기능을 구비한 물받이,20200401.0,E03F5/14,1.0,0.0,2.0,6.0
C,2618109665,1,,,,1020180050739,에너지 재생 방식의 바디 필로우,20180502.0,A47G9/10,0.0,0.0,1.0,6.0
J,3428709674,1,,,,1020200086924,중고 거래 방법 및 그 장치,20200714.0,G06Q30/0613,0.0,0.0,1.0,8.0
F,4178109678,1,,,,1020100117926,부유식 해상 펜션 구조물,20101125.0,B63B35/44,0.0,0.0,1.0,8.0
F,4378109680,1,,,,1020200017562,아파트 및 건물 외벽 뿜칠도장을 위한 공사방법,20200213.0,B05B1/28,1.0,0.0,1.0,1.0
F,5658709696,1,,,,2020070007731,엘이디 조명기구의 커버,20070511.0,F21V17/10,2.0,1.0,1.0,2.0
F,6678709712,1,,,,2020100012522,나선형 다철근 네일,20101203.0,E02D5/80,0.0,1.0,1.0,1.0
F,7388709716,1,,,,1019980035032,통신 케이블의 심선 연결용 접속자,19980827.0,H01R13/516,0.0,0.0,1.0,3.0
F,1248609726,1,,,,1020150019395,배전선로와 안정적으로 결합하는 지중배전기,20150209.0,H02B7/08,0.0,0.0,1.0,1.0
F,2788109738,1,,,,1020180099830,후처리 에어 필터,20180825.0,B01D39/1623,0.0,0.0,1.0,2.0
M,2298709749,1,,,,1020210012423,동영상의 공동 편집을 지원하는 동영상 편집 장치 및 방법,20210128.0,H04N21/854,2.0,0.0,3.0,12.0
J,1118609772,1,,,,1020170160458,행동활성화체계 및 행동억제체계 기반 생체신호 측정을 이용한 몰입 취약 성향 선별방법,20171128.0,A61B5/168,3.0,0.0,3.0,6.0
F,4148109781,1,,,,2019960031883,정비가 용이한 호이스트 장치,19960930.0,B66C13/54,0.0,0.0,1.0,1.0
J,1018609850,1,,,,20130096474,웹 검색을 위한 링크 키워드 디스플레이 방법,20130814.0,G06Q50/10,0.0,0.0,2.0,6.0
J,1238609854,1,,,,1020110045307,미니 금융단말기,20110513.0,G06Q40/02,0.0,0.0,1.0,1.0
J,1308609893,1,,,,1019990045096,도메인 네임을 이용한 위치 제공 방법,19991018.0,G06Q50/10,0.0,0.0,1.0,4.0
F,1068709899,1,,,,1020200107607,온라인 통합 관리형 클린로드 및 제설 시스템,20200826.0,G06Q50/10,4.0,0.0,1.0,4.0
C,1258609901,1,,,,1020170175572,타임슬라이스 촬영을 위한 카메라 캘리브레이션 방법 및 이를 위한 장치,20171219.0,G06T7/80,1.0,0.0,1.0,9.0
F,1292509902,1,,,,1020170116839,블렌딩방식을 이용한 시트스펀지 제조시스템,20170912.0,B29B7/7404,0.0,0.0,2.0,10.0
F,2208109904,1,,,,1020100058049,경량 콘크리트의 혼합 장치 및 이를 포함하는 타설 장치,20100618.0,B28C5/006,0.0,0.0,5.0,10.0
J,4628609941,1,,,,1020190120040,수련자 개인 맞춤형 수련 컨텐츠 추천 장치 및 방법,20190927.0,G06Q50/10,0.0,0.0,2.0,3.0
F,5558109943,1,,,,1020150026517,연속식 회전 구이기,20150225.0,A23N12/10,1.0,1.0,1.0,12.0
P,1058709962,1,,,,1020140188779,유아용 한글 교재,20141224.0,G09B19/00,0.0,2.0,1.0,4.0
F,1218109965,1,,,,1020180074855,워터 슬라이드용 노즐,20180628.0,B05B1/34,4.0,0.0,1.0,4.0
F,1178809986,1,,,,1020070023505,카본나노튜브를 활용한 복합소결재료 및 그 제조방법,20070309.0,C22C49/14,0.0,0.0,2.0,10.0
